"","road","chainage","lrp","lat","lon","type","name","condition","length","IsBridge","destination"
"1","N1",0,"LRPS",23.7060278,90.443333,"Others","Start of Road  after Jatrabari Flyover infront of filling station.","Road",0,FALSE,NA
"2","N1",0.814,"LRPSa",23.7029167,90.4504167,"Culvert","Box Culvert","Road",0,FALSE,"LRPS"
"3","N1",0.822,"LRPSb",23.7027778,90.4504722,"CrossRoad","Intersection with Z1101","Road",0,FALSE,"LRPSa"
"4","N1",1,"LRP001",23.7021389,90.4519722,"KmPost","Km post missing","Road",0,FALSE,"LRPSb"
"5","N1",1.8,"LRP001a",23.69873866,90.45886108,"Box Culvert",".","A",11.3,TRUE,"LRP001"
"6","N1",2,"LRP002",23.6978886,90.4605833,"KmPost","Km post missing","Road",0,FALSE,"LRP001a"
"7","N1",2.13,"LRP002a",23.6973608,90.4616667,"Culvert","Box culvert","Road",0,FALSE,"LRP002"
"8","N1",3,"LRP003",23.693833,90.4691382,"KmPost","Km post missing","Road",0,FALSE,"LRP002a"
"9","N1",4,"LRP004",23.6936108,90.4787771,"KmPost","Km post missing","Road",0,FALSE,"LRP003"
"10","N1",4.175,"LRP004a",23.6938052,90.4805271,"SideRoad,Right","Road to Narayanganj(R111)","Road",0,FALSE,"LRP004"
"11","N1",4.925,"LRP004b",23.69466384,90.48777492,"Box Culvert",".","A",6.6,TRUE,"LRP004a"
"12","N1",5,"LRP005",23.6947497,90.4884997,"KmPost","Km post missing","Road",0,FALSE,"LRP004b"
"13","N1",6,"LRP006",23.6959163,90.4981941,"KmPost","Km post missing","Road",0,FALSE,"LRP005"
"14","N1",7,"LRP007",23.697333,90.50775,"KmPost","Km post missing","Road",0,FALSE,"LRP006"
"15","N1",7.181,"LRP007a",23.6979163,90.5092778,"CrossRoad","R110,Left to Demra, Right to Narayanganj","Road",0,FALSE,"LRP007"
"16","N1",8,"LRP008",23.7020556,90.5157222,"KmPost","Km post missing","Road",0,FALSE,"LRP007a"
"17","N1",8.011,"LRP008a",23.7021111,90.5157778,"Bridge","Kachpur bridge","Road",0,FALSE,"LRP008"
"18","N1",8.429,"LRP008b",23.7045833,90.5188327,"Bridge","Bridge end","Road",0,FALSE,"LRP008a"
"19","N1",8.503,"LRP009",23.7050278,90.5193327,"KmPost","Chittagong 251 km,Comilla 84 km","Road",0,FALSE,"LRP008b"
"20","N1",8.763,"LRP009a",23.7060833,90.5215271,"SideRoad,Left","Road to Sylhet (N2)","Road",0,FALSE,"LRP009"
"21","N1",8.976,"LRP008b_1",23.70505989,90.52321415,"PC Girder Bridge","KANCHPUR PC GIRDER BRIDGE","C",397,TRUE,"LRP009a"
"22","N1",9.503,"LRP010",23.7025278,90.5273882,"KmPost","Km post missing","Road",0,FALSE,"LRP008b_1"
"23","N1",9.615,"LRP010a",23.7015278,90.5281938,"Culvert","Box culvert","Road",0,FALSE,"LRP010"
"24","N1",9.963,"LRP010b",23.6998608,90.5307216,"Culvert","Box culvert","Road",0,FALSE,"LRP010a"
"25","N1",10.377,"LRP010c",23.6974163,90.5337774,"Culvert","Box culvert","Road",0,FALSE,"LRP010b"
"26","N1",10.503,"LRP011",23.6966386,90.5348052,"KmPost","Km post missing","Road",0,FALSE,"LRP010c"
"27","N1",10.543,"LRP010a_1",23.69640009,90.53509898,"Box Culvert","KATCHPUR BOX CULVERT","B",8,TRUE,"LRP011"
"28","N1",10.88,"LRP010b_1",23.69439061,90.53757408,"Box Culvert","NOYAPARA CULVERT","A",6.3,TRUE,"LRP010a_1"
"29","N1",10.885,"LRP011a",23.6943608,90.5376108,"Culvert","Box culvert","Road",0,FALSE,"LRP010b_1"
"30","N1",10.897,"LRP010c_1",23.69430239,90.53770737,"Box Culvert","ADUPUR CULVERT","A",6.3,TRUE,"LRP011a"
"31","N1",11.296,"LRP011a_1",23.69236015,90.54091839,"Box Culvert","NAYABARI KASPUR BOX CULVERT","A",8.3,TRUE,"LRP010c_1"
"32","N1",11.313,"LRP011b",23.6922774,90.5410552,"Culvert","Box culvert","Road",0,FALSE,"LRP011a_1"
"33","N1",11.497,"LRP012",23.6918052,90.5426108,"KmPost","Chittagong 248 km,Comilla 81 km","Road",0,FALSE,"LRP011b"
"34","N1",11.745,"LRP012a",23.6911108,90.5448886,"Bridge","Bridge start","Road",0,FALSE,"LRP012"
"35","N1",11.771,"LRP012b",23.6910552,90.5451386,"Bridge","Bridge end","Road",0,FALSE,"LRP012a"
"36","N1",11.808,"LRP011c",23.69091193,90.5454625,"Box Culvert","NAYABARI BOX CULVERT","B",10.6,TRUE,"LRP012b"
"37","N1",11.936,"LRP012c",23.6904163,90.546583,"SideRoad,Right","Right to Syedpur (R113) left to Joydebpur N105)","Road",0,FALSE,"LRP011c"
"38","N1",12.239,"LRP012a_1",23.68841233,90.54855853,"Box Culvert","KHAS PARA BOX CULVERT","A",9.3,TRUE,"LRP012c"
"39","N1",12.253,"LRP012b_1",23.68831973,90.54864981,"Box Culvert","DAWAN BAG BOX CULVERT","A",6.1,TRUE,"LRP012a_1"
"40","N1",12.524,"LRP013",23.6865274,90.5504167,"KmPost","Ctg 247 km,Comilla 80 km","Road",0,FALSE,"LRP012b_1"
"41","N1",12.66,"LRP013a",23.68558303,90.55120798,"PC Girder Bridge","MADAN PUR (R)","A",26.3,TRUE,"LRP013"
"42","N1",12.672,"LRP013a_1",23.6854997,90.5512778,"Culvert","Box culvert","Road",0,FALSE,"LRP013a"
"43","N1",13.524,"LRP014",23.678166,90.5556111,"KmPost","Km post missing","Road",0,FALSE,"LRP013a_1"
"44","N1",13.574,"LRP014a",23.6778035,90.55581943,"Box Culvert","KAWTALA BOX CULVERT","A",11.9,TRUE,"LRP014"
"45","N1",14.524,"LRP015",23.670916,90.5597778,"KmPost","Km post missing","Road",0,FALSE,"LRP014a"
"46","N1",14.563,"LRP015a",23.6705827,90.5599722,"Culvert","Box culvert","Road",0,FALSE,"LRP015"
"47","N1",15.465,"LRP016a",23.66330907,90.56385699,"Box Culvert","MALIBAG BOX CULVERT","B",5.55,TRUE,"LRP015a"
"48","N1",15.524,"LRP016",23.6628333,90.5641111,"KmPost","Km post missing","Road",0,FALSE,"LRP016a"
"49","N1",15.935,"LRP016a_1",23.6604167,90.5671104,"SideRoad,Right","Road to MinanbariZ1061)","Road",0,FALSE,"LRP016"
"50","N1",16.242,"LRP016b",23.6591111,90.5697216,"Bridge","Langalbandhu bridge","Road",0,FALSE,"LRP016a_1"
"51","N1",16.402,"LRP016c",23.6583056,90.5709993,"Bridge","Bridge end","Road",0,FALSE,"LRP016b"
"52","N1",16.524,"LRP017",23.6575,90.5719716,"KmPost","Km post missing","Road",0,FALSE,"LRP016c"
"53","N1",16.831,"LRP017a",23.6559722,90.5743327,"Bridge","Bridge start","Road",0,FALSE,"LRP017"
"54","N1",16.852,"LRP017b",23.6559167,90.5745271,"Bridge","Bridge end","Road",0,FALSE,"LRP017a"
"55","N1",17.134,"LRP017b_1",23.65442571,90.57673023,"PC Girder Bridge","LANGOLBANDO PC GIDER BRIDGE","B",159.5,TRUE,"LRP017b"
"56","N1",17.204,"LRP017c",23.6540556,90.5772771,"Bridge","Bridge start","Road",0,FALSE,"LRP017b_1"
"57","N1",17.234,"LRP017d",23.6539167,90.5774993,"Bridge","Bridge end","Road",0,FALSE,"LRP017c"
"58","N1",17.524,"LRP018",23.6525278,90.5798882,"KmPost","Km post missing","Road",0,FALSE,"LRP017d"
"59","N1",17.722,"LRP018a",23.65157057,90.58149439,"PC Girder Bridge","DARIKANDI BRIDGE (R)","B",20,TRUE,"LRP018"
"60","N1",17.863,"LRP018a_1",23.6508889,90.5826382,"Bridge","Bridge start","Road",0,FALSE,"LRP018a"
"61","N1",17.904,"LRP018b",23.6506944,90.5829993,"Bridge","Bridge end","Road",0,FALSE,"LRP018a_1"
"62","N1",18.093,"LRP018c",23.6497544,90.58454901,"PC Girder Bridge","SONARKALI BRIDGE(L)","B",24.5,TRUE,"LRP018b"
"63","N1",18.524,"LRP019",23.6476108,90.588083,"KmPost","Km post missing","Road",0,FALSE,"LRP018c"
"64","N1",18.742,"LRP019a",23.64596859,90.58921198,"PC Girder Bridge","MOLLIK PARA P.C(L)","B",40.5,TRUE,"LRP019"
"65","N1",18.878,"LRP019a_1",23.6449441,90.5899163,"Culvert","Box culvert","Road",0,FALSE,"LRP019a"
"66","N1",19.521,"LRP019b",23.6397497,90.5926941,"Culvert","Box culvert","Road",0,FALSE,"LRP019a_1"
"67","N1",19.524,"LRP020",23.6396941,90.5927219,"KmPost","Km post missing","Road",0,FALSE,"LRP019b"
"68","N1",19.76,"LRP020a",23.63795437,90.5936674,"Box Culvert","KRIBORDI BOX CULVERT","A",6,TRUE,"LRP020"
"69","N1",20.044,"LRP020a_1",23.6358608,90.5948052,"SideRoad,Left","Left to Sonargaon (Z1089) Right to Morgrapara ( Z1066)","Road",0,FALSE,"LRP020a"
"70","N1",20.342,"LRP020b",23.6341108,90.5970274,"Bridge","Bridge start","Road",0,FALSE,"LRP020a_1"
"71","N1",20.397,"LRP020b_1",23.63380522,90.59739409,"Box Culvert","SHADIPUR BOX CULVERT","B",10.4,TRUE,"LRP020b"
"72","N1",20.442,"LRP020c",23.6335552,90.5976941,"Bridge","Bridge end","Road",0,FALSE,"LRP020b_1"
"73","N1",20.524,"LRP021",23.6330549,90.5982774,"KmPost","Km post missing","Road",0,FALSE,"LRP020c"
"74","N1",21.184,"LRP021c",23.62846685,90.60230157,"PC Girder Bridge","MARIKHALL BRIDGE","A",89.2,TRUE,"LRP021"
"75","N1",21.499,"LRP021a",23.6262771,90.6042222,"Culvert","Box culvert","Road",0,FALSE,"LRP021c"
"76","N1",21.629,"LRP022",23.6252216,90.6049722,"KmPost","Ctg 238 km,Comilla 71 km","Road",0,FALSE,"LRP021a"
"77","N1",21.765,"LRP022a",23.6242216,90.6055278,"Bridge","Bridge start","Road",0,FALSE,"LRP022"
"78","N1",21.993,"LRP022b",23.6224993,90.6066944,"Bridge","Bridge end","Road",0,FALSE,"LRP022a"
"79","N1",22.252,"LRP022c",23.6204716,90.6079722,"Bridge","Bridge start","Road",0,FALSE,"LRP022b"
"80","N1",22.328,"LRP022a_1",23.61988322,90.60835289,"Box Culvert","SANGAKADI CULVERT","B",5.5,TRUE,"LRP022c"
"81","N1",22.374,"LRP022d",23.6195271,90.6085833,"Bridge","Bridge end","Road",0,FALSE,"LRP022a_1"
"82","N1",22.596,"LRP023a",23.6176408,90.60955061,"PC Girder Bridge","ASHIR CHAR (Right)","A",224.8,TRUE,"LRP022d"
"83","N1",22.629,"LRP023",23.6173604,90.6096944,"KmPost","Km post missing","Road",0,FALSE,"LRP023a"
"84","N1",23.081,"LRP023c",23.61358738,90.61090296,"PC Girder Bridge","ASHARIR CHAR (L)","A",120.1,TRUE,"LRP023"
"85","N1",23.564,"LRP023a_1",23.6095556,90.6121944,"Bridge","Meghna  bridge","Road",0,FALSE,"LRP023c"
"86","N1",23.629,"LRP024",23.609,90.6124722,"KmPost","Km post missing","Road",0,FALSE,"LRP023a_1"
"87","N1",24.393,"LRP024a",23.60275959,90.6155317,"PC Box","MEGHNA BRIDGE","C",900,TRUE,"LRP024"
"88","N1",24.503,"LRP024a_1",23.6018611,90.6159722,"Bridge","Bridge end","Road",0,FALSE,"LRP024a"
"89","N1",24.629,"LRP025",23.6009444,90.6165556,"KmPost","Km post missing","Road",0,FALSE,"LRP024a_1"
"90","N1",25.629,"LRP026",23.5959997,90.624666,"KmPost","Km post missing","Road",0,FALSE,"LRP025"
"91","N1",25.639,"LRP026a",23.5959441,90.6246938,"Culvert","Box culvert","Road",0,FALSE,"LRP026"
"92","N1",26.115,"LRP026a_1",23.59298188,90.62796994,"Box Culvert","TATULTALA CULVERT","A",5.6,TRUE,"LRP026a"
"93","N1",26.313,"LRP026b",23.5917497,90.6293327,"Culvert","Box culvert","Road",0,FALSE,"LRP026a_1"
"94","N1",26.452,"LRP026b_1",23.59080885,90.63023686,"Box Culvert","BAILAKANDI CULVERT","A",5.5,TRUE,"LRP026b"
"95","N1",26.629,"LRP027",23.5896108,90.6313882,"KmPost","Km post missing","Road",0,FALSE,"LRP026b_1"
"96","N1",27.12,"LRP027a",23.58631812,90.63450942,"Box Culvert","MALUAKANDI CULVEDRT","A",5.6,TRUE,"LRP027"
"97","N1",27.503,"LRP027a_1",23.5837497,90.6369441,"Bridge","Bridge start","Road",0,FALSE,"LRP027a"
"98","N1",27.629,"LRP028",23.5828327,90.6378886,"KmPost","Km post missing","Road",0,FALSE,"LRP027a_1"
"99","N1",27.668,"LRP028a",23.5825827,90.6381386,"Bridge","Bridge end","Road",0,FALSE,"LRP028"
"100","N1",28.315,"LRP028a_1",23.57798002,90.64191931,"PC Girder Bridge","BHATIR CHAR BRIDGE","A",163.5,TRUE,"LRP028a"
"101","N1",28.324,"LRP028b",23.577916,90.6419719,"Bridge","Bridge start","Road",0,FALSE,"LRP028a_1"
"102","N1",28.363,"LRP028c",23.5776104,90.6421108,"Bridge","Bridge end","Road",0,FALSE,"LRP028b"
"103","N1",28.759,"LRP029",23.5745271,90.6436941,"KmPost","Information missing","Road",0,FALSE,"LRP028c"
"104","N1",29.067,"LRP029a",23.572166,90.6451108,"Bridge","Bridge start","Road",0,FALSE,"LRP029"
"105","N1",29.113,"LRP029b",23.5718327,90.6453052,"Bridge","Bridge end","Road",0,FALSE,"LRP029a"
"106","N1",29.138,"LRP029a_1",23.57163063,90.64541592,"PC Girder Bridge","ANARPUR BRIDGE(R)","A",29,TRUE,"LRP029b"
"107","N1",29.759,"LRP030",23.5666111,90.6481663,"KmPost","Km post missing","Road",0,FALSE,"LRP029a_1"
"108","N1",29.842,"LRP030a",23.5660034,90.64862372,"Box Culvert","VITIKANDA - ANAR PUR CULVERT","A",34.7,TRUE,"LRP030"
"109","N1",30.127,"LRP030a_1",23.5639167,90.6501944,"Bridge","Bridge start","Road",0,FALSE,"LRP030a"
"110","N1",30.165,"LRP030b",23.5636944,90.6504722,"Bridge","Bridge end","Road",0,FALSE,"LRP030a_1"
"111","N1",30.697,"LRP030c",23.5604167,90.6542222,"Bridge","Bridge start","Road",0,FALSE,"LRP030b"
"112","N1",30.735,"LRP030d",23.5602222,90.6545,"Bridge","Bridge end","Road",0,FALSE,"LRP030c"
"113","N1",30.774,"LRP031",23.5599722,90.6548056,"KmPost","Ctg 229 km,Comilla 62 km","Road",0,FALSE,"LRP030d"
"114","N1",30.908,"LRP031a",23.55919103,90.65574757,"PC Girder Bridge","ALI PURA P.C BRIDGE (RIGHT)","A",26.3,TRUE,"LRP031"
"115","N1",30.936,"LRP031a_1",23.5590278,90.6559444,"SideRoad,Right","Road to Gazara (Z1063)","Road",0,FALSE,"LRP031a"
"116","N1",31.348,"LRP031b",23.5564444,90.6588611,"Bridge","Bridge start","Road",0,FALSE,"LRP031a_1"
"117","N1",31.388,"LRP031c",23.5562222,90.6591389,"Bridge","Bridge end","Road",0,FALSE,"LRP031b"
"118","N1",31.472,"LRP032a",23.55570829,90.65974142,"PC Girder Bridge","VOBAR CHAR (L)","A",29,TRUE,"LRP031c"
"119","N1",31.783,"LRP032",23.5538056,90.6619722,"KmPost","Ctg 228 km,Comilla 61 km","Road",0,FALSE,"LRP032a"
"120","N1",32.025,"LRP032a_1",23.5523333,90.6636667,"Culvert","Box culvert","Road",0,FALSE,"LRP032"
"121","N1",32.121,"LRP032d",23.55174219,90.66435388,"PC Girder Bridge","BOBARCHAR BRIDGE(L)","A",28.9,TRUE,"LRP032a_1"
"122","N1",32.607,"LRP033",23.5487497,90.6678327,"KmPost","Ctg 227 km,Comilla 60 km","Road",0,FALSE,"LRP032d"
"123","N1",32.777,"LRP033a",23.54773774,90.66905541,"Box Culvert","PURRANBUICHE BOX CULVERT","A",9.1,TRUE,"LRP033"
"124","N1",32.796,"LRP033b",23.54762464,90.66919207,"Box Culvert","NOYAPARA","A",5.2,TRUE,"LRP033a"
"125","N1",32.831,"LRP033a_1",23.5474163,90.6694438,"Bridge","Bridge start","Road",0,FALSE,"LRP033b"
"126","N1",32.908,"LRP033b_1",23.5469441,90.6699993,"Bridge","Bridge end","Road",0,FALSE,"LRP033a_1"
"127","N1",33.351,"LRP033c",23.5442219,90.6731104,"Culvert","Box culvert","Road",0,FALSE,"LRP033b_1"
"128","N1",33.591,"LRP034a",23.54268543,90.67482921,"PC Girder Bridge","MADHAYA BAUSHIA BRIDGE(R)","A",59.2,TRUE,"LRP033c"
"129","N1",33.607,"LRP034",23.542583,90.6749438,"KmPost","Km post missing","Road",0,FALSE,"LRP034a"
"130","N1",34.111,"LRP034c",23.53939102,90.67845779,"Box Culvert","BOCTAR KANDI BOX CULVERT","C",5.1,TRUE,"LRP034"
"131","N1",34.607,"LRP035",23.5362497,90.681916,"KmPost","Km post missing","Road",0,FALSE,"LRP034c"
"132","N1",34.641,"LRP035a",23.536083,90.6821382,"Bridge","Bridge start","Road",0,FALSE,"LRP035"
"133","N1",34.681,"LRP035b",23.5358608,90.6823604,"Bridge","Bridge end","Road",0,FALSE,"LRP035a"
"134","N1",34.956,"LRP035c",23.5341386,90.6843052,"Culvert","Box culvert","Road",0,FALSE,"LRP035b"
"135","N1",35.181,"LRP035a_1",23.53277519,90.68587011,"Box Culvert",".","A",9.5,TRUE,"LRP035c"
"136","N1",35.408,"LRP036a",23.53139966,90.68744893,"PC Girder Bridge","BORAKANDI BRIDGE(L)","B",24.5,TRUE,"LRP035a_1"
"137","N1",35.607,"LRP036",23.5301938,90.688833,"KmPost","Km post missing","Road",0,FALSE,"LRP036a"
"138","N1",35.707,"LRP036c",23.53015196,90.68979518,"Box Culvert","CHAR BOUSHEA (2)","A",8.4,TRUE,"LRP036"
"139","N1",36.271,"LRP036a_1",23.529916,90.6952219,"Bridge","Daudkandi bridge","Road",0,FALSE,"LRP036c"
"140","N1",36.607,"LRP037",23.5301382,90.6984997,"KmPost","Km post missing","Road",0,FALSE,"LRP036a_1"
"141","N1",37.01,"LRP037a",23.53038447,90.70244027,"PC Box","Daud Kandi Bridge","C",1408.8,TRUE,"LRP037"
"142","N1",37.607,"LRP038",23.5307493,90.7082778,"KmPost","Km post missing","Road",0,FALSE,"LRP037a"
"143","N1",37.685,"LRP038a",23.5307771,90.7090278,"Bridge","Daudkandi bridge","Road",0,FALSE,"LRP038"
"144","N1",38.04,"LRP038b",23.5313882,90.7153611,"Others / Others","Start of Comilla road Division / Start of Comilla road Division","Road",0,FALSE,"LRP038a"
"145","N1",38.466,"LRP038c",23.5314716,90.7172216,"SideRoad,Right","Road to Matlab (Z1062)","Road",0,FALSE,"LRP038b"
"146","N1",38.543,"LRP038d",23.5315271,90.7173604,"Bridge","Bridge start","Road",0,FALSE,"LRP038c"
"147","N1",38.56,"LRP038e",23.5315827,90.7176104,"Bridge","Bridge end","Road",0,FALSE,"LRP038d"
"148","N1",38.607,"LRP039",23.5317216,90.7180271,"KmPost","Km post missing","Road",0,FALSE,"LRP038e"
"149","N1",39.12,"LRP039a",23.5322346,90.7226298386,"Culvert","Box culvert","Road",0,FALSE,"LRP039"
"150","N1",39.304,"LRP040b",23.5324186,90.72428072,"RCC Girder Bridge","BALDHA KHAL RCC GIDER BRIDGE","C",21.8,TRUE,"LRP039a"
"151","N1",39.607,"LRP040",23.5327216,90.7269993,"KmPost","Km post missing","Road",0,FALSE,"LRP040b"
"152","N1",39.86,"LRP040c",23.53175878,90.72917801,"Box Culvert","MAIS PARA BOX CULVERT","B",6,TRUE,"LRP040"
"153","N1",40.607,"LRP041",23.528916,90.7356108,"KmPost","Km post missing","Road",0,FALSE,"LRP040c"
"154","N1",41.261,"LRP042",23.5289993,90.7419441,"KmPost","Ctg 214 km","Road",0,FALSE,"LRP041"
"155","N1",42.228,"LRP042a",23.5293882,90.7514167,"Bridge","Bridge start","Road",0,FALSE,"LRP042"
"156","N1",42.245,"LRP042b",23.5293882,90.7515833,"Bridge","Bridge end","Road",0,FALSE,"LRP042a"
"157","N1",42.269,"LRP043",23.529416,90.75175,"KmPost","Km post broken","Road",0,FALSE,"LRP042b"
"158","N1",42.936,"LRP043a",23.52980506,90.75825325,"RCC Girder Bridge","SHAHID NAGIR","C",16.5,TRUE,"LRP043"
"159","N1",43.269,"LRP044",23.5299993,90.7615,"KmPost","Km post Missing","Road",0,FALSE,"LRP043a"
"160","N1",44.269,"LRP045",23.5304438,90.7713049,"KmPost","Km post Missing","Road",0,FALSE,"LRP044"
"161","N1",44.454,"LRP045a",23.5304993,90.7731104,"Culvert","Box culvert","Road",0,FALSE,"LRP045"
"162","N1",45.164,"LRP046a",23.53076553,90.78007973,"Box Culvert","SARKAR BARI CULVERT","C",3.9,TRUE,"LRP045a"
"163","N1",45.269,"LRP046",23.5308049,90.7811104,"KmPost","Km post Missing","Road",0,FALSE,"LRP046a"
"164","N1",45.322,"LRP046a_1",23.5307493,90.7816104,"SideRoad,Right","Z1402, road to Pennai","Road",0,FALSE,"LRP046"
"165","N1",45.388,"LRP046b",23.530666,90.7821938,"SideRoad,Left","Z1053, Road to Homna","Road",0,FALSE,"LRP046a_1"
"166","N1",46.161,"LRP046c",23.5312216,90.7895552,"Culvert","Box culvert","Road",0,FALSE,"LRP046b"
"167","N1",46.269,"LRP047",23.531166,90.7907219,"KmPost","Km post Missing","Road",0,FALSE,"LRP046c"
"168","N1",46.871,"LRP047a",23.53086834,90.79180752,"Slab Culvert","AMIRABATH SLAB CULVERT","C",6.5,TRUE,"LRP047"
"169","N1",47.224,"LRP047a_1",23.5306938,90.7924441,"SideRoad,Right","Z1044","Road",0,FALSE,"LRP047a"
"170","N1",47.269,"LRP048",23.5308604,90.8002222,"KmPost","Km post Missing","Road",0,FALSE,"LRP047a_1"
"171","N1",47.672,"LRP048a",23.5308882,90.8041389,"Bridge","Bridge start","Road",0,FALSE,"LRP048"
"172","N1",47.692,"LRP048b",23.530916,90.8043611,"Bridge","Bridge end","Road",0,FALSE,"LRP048a"
"173","N1",48.269,"LRP049",23.5316382,90.8099167,"KmPost","Km post Missing","Road",0,FALSE,"LRP048b"
"174","N1",48.384,"LRP049a",23.53182348,90.81101551,"RCC Bridge","Ginlatoly","C",15.9,TRUE,"LRP049"
"175","N1",49.269,"LRP050",23.5332493,90.8194716,"KmPost","Km post Missing","Road",0,FALSE,"LRP049a"
"176","N1",49.863,"LRP050a",23.5346663,90.8249716,"Bridge","Bridge start","Road",0,FALSE,"LRP050"
"177","N1",49.879,"LRP050b",23.5347219,90.8251104,"Bridge","Bridge end","Road",0,FALSE,"LRP050a"
"178","N1",50.269,"LRP051",23.5344997,90.8287216,"KmPost","Km post Missing","Road",0,FALSE,"LRP050b"
"179","N1",50.558,"LRP051a",23.53297433,90.83097748,"Box Culvert","RAIPUR BOX CULVERT","A",12.2,TRUE,"LRP051"
"180","N1",51.269,"LRP052",23.5292216,90.8365274,"KmPost","Km post Missing","Road",0,FALSE,"LRP051a"
"181","N1",51.636,"LRP052a",23.5270549,90.8391386,"Culvert","Box culvert","Road",0,FALSE,"LRP052"
"182","N1",52.269,"LRP053",23.523166,90.8438886,"KmPost","Km post Missing","Road",0,FALSE,"LRP052a"
"183","N1",52.313,"LRP053a",23.52291667,90.84421861,"Box Culvert","AITAL BANGA BOX CULVERT","C",4.5,TRUE,"LRP053"
"184","N1",53.269,"LRP054",23.5174993,90.8513889,"KmPost","Km post Missing","Road",0,FALSE,"LRP053a"
"185","N1",54.269,"LRP055",23.5170827,90.8607778,"KmPost","Km post Missing","Road",0,FALSE,"LRP054"
"186","N1",55.269,"LRP056",23.5135833,90.8697771,"KmPost","Km post Missing","Road",0,FALSE,"LRP055"
"187","N1",55.333,"LRP056a",23.5133056,90.8703049,"Bridge","Bridge start","Road",0,FALSE,"LRP056"
"188","N1",55.375,"LRP056b",23.5131111,90.8706382,"Bridge","Bridge end","Road",0,FALSE,"LRP056a"
"189","N1",55.477,"LRP056c",23.5126667,90.871416,"SideRoad,Left","Z1042, road to Bancharampur","Road",0,FALSE,"LRP056b"
"190","N1",56.006,"LRP056a_1",23.51008776,90.8757204,"RCC Girder Bridge","ILLIOT BAZER","B",28.9,TRUE,"LRP056c"
"191","N1",56.269,"LRP057",23.5088056,90.8778604,"KmPost","Km post Missing","Road",0,FALSE,"LRP056a_1"
"192","N1",57.269,"LRP058",23.506,90.8869163,"KmPost","Km post Missing","Road",0,FALSE,"LRP057"
"193","N1",58.191,"LRP058a",23.5056111,90.8958886,"Culvert","Box culvert","Road",0,FALSE,"LRP058"
"194","N1",58.269,"LRP059",23.5056389,90.8966108,"KmPost","Km post Missing","Road",0,FALSE,"LRP058a"
"195","N1",58.838,"LRP059a",23.50600243,90.90217454,"Box Culvert","KHAT GHOR BOX CULVERT","B",5.9,TRUE,"LRP059"
"196","N1",59.269,"LRP060",23.5062778,90.9063889,"KmPost","Km post Missing","Road",0,FALSE,"LRP059a"
"197","N1",60.18,"LRP060a",23.50575,90.91525,"Culvert","Box culvert","Road",0,FALSE,"LRP060"
"198","N1",60.269,"LRP061",23.5057222,90.9160278,"KmPost","Km post Missing","Road",0,FALSE,"LRP060a"
"199","N1",60.83,"LRP061a",23.50561314,90.92146602,"Box Culvert","BAKRA BOX CULVERT","B",3,TRUE,"LRP061"
"200","N1",61.269,"LRP062",23.5055278,90.9257216,"KmPost","Km post Missing","Road",0,FALSE,"LRP061a"
"201","N1",62.269,"LRP063",23.5042778,90.9354163,"KmPost","Km post Missing","Road",0,FALSE,"LRP062"
"202","N1",62.278,"LRP063a",23.5043333,90.9354719,"SideRoad,Left","Z1017, Road to Companiganj","Road",0,FALSE,"LRP063"
"203","N1",62.542,"LRP063b",23.5038611,90.9371386,"Culvert","Box culvert","Road",0,FALSE,"LRP063a"
"204","N1",62.894,"LRP063c",23.5028611,90.9412774,"Culvert","Box culvert","Road",0,FALSE,"LRP063b"
"205","N1",63.098,"LRP064a",23.50240778,90.94324189,"Slab Culvert","MATIA BAZER","B",6,TRUE,"LRP063c"
"206","N1",63.269,"LRP064",23.5020278,90.9448886,"KmPost","Km post Missing","Road",0,FALSE,"LRP064a"
"207","N1",63.538,"LRP064c",23.50135519,90.94738441,"Box Culvert","SONAPUR BOX CULVERT","A",3,TRUE,"LRP064"
"208","N1",64.269,"LRP065",23.4995274,90.9541667,"KmPost","Km post Missing","Road",0,FALSE,"LRP064c"
"209","N1",65.269,"LRP066",23.4986386,90.9651111,"KmPost","Km post Missing","Road",0,FALSE,"LRP065"
"210","N1",65.543,"LRP066a",23.4980552,90.9660278,"Culvert","Box culvert","Road",0,FALSE,"LRP066"
"211","N1",65.726,"LRP067",23.4972774,90.9674716,"KmPost","Ctg 191 km","Road",0,FALSE,"LRP066a"
"212","N1",66.178,"LRP067a",23.49589631,90.97157725,"Slab Culvert","KARON KHAL SLAB CULVERT","B",4.6,TRUE,"LRP067"
"213","N1",66.726,"LRP068",23.4942219,90.9765549,"KmPost","Km post Missing","Road",0,FALSE,"LRP067a"
"214","N1",67.42,"LRP068a",23.4951386,90.9829993,"Culvert","Box culvert","Road",0,FALSE,"LRP068"
"215","N1",67.726,"LRP069",23.4942497,90.985833,"KmPost","Km post Missing","Road",0,FALSE,"LRP068a"
"216","N1",68.04,"LRP068a_1",23.49327281,90.98872004,"Box Culvert","MILL GHAT BOX CULVERT","A",4.5,TRUE,"LRP069"
"217","N1",68.726,"LRP070",23.4911386,90.9950274,"KmPost","Km post Missing","Road",0,FALSE,"LRP068a_1"
"218","N1",69.616,"LRP070a",23.4894441,91.0033056,"SideRoad,Left","Road to Debiduar (Z1008)","Road",0,FALSE,"LRP070"
"219","N1",69.638,"LRP070b",23.4893886,91.0034722,"SideRoad,Right","Road to Jhalam (Z1022)","Road",0,FALSE,"LRP070a"
"220","N1",69.709,"LRP071",23.4896108,91.0043056,"KmPost","Ctg 188 km","Road",0,FALSE,"LRP070b"
"221","N1",70.443,"LRP072",23.4893052,91.0112778,"KmPost","Ctg 188 km,Comilla 20 km","Road",0,FALSE,"LRP071"
"222","N1",70.527,"LRP072a",23.4890552,91.0120278,"Bridge","Bridge start","Road",0,FALSE,"LRP072"
"223","N1",70.557,"LRP072b",23.4889441,91.01225,"Bridge","Bridge end","Road",0,FALSE,"LRP072a"
"224","N1",70.755,"LRP073",23.488333,91.0140833,"KmPost","Ctg 187 km","Road",0,FALSE,"LRP072b"
"225","N1",71.156,"LRP072a_1",23.48688059,91.01756669,"RCC Girder Bridge","Chandinan-Shahapara Bridge.","C",22.55,TRUE,"LRP073"
"226","N1",71.775,"LRP074",23.4846386,91.0229438,"KmPost","Km post missing","Road",0,FALSE,"LRP072a_1"
"227","N1",72.775,"LRP075",23.4827771,91.0321382,"KmPost","Km post missing","Road",0,FALSE,"LRP074"
"228","N1",73.688,"LRP075a",23.481166,91.0404441,"Culvert","Box culvert","Road",0,FALSE,"LRP075"
"229","N1",73.829,"LRP076",23.4814716,91.0419719,"KmPost","Ctg 184 km","Road",0,FALSE,"LRP075a"
"230","N1",74.279,"LRP075a_1",23.48178732,91.04633489,"Box Culvert","CORI PAI BOX CULVERT","B",4.6,TRUE,"LRP076"
"231","N1",74.7,"LRP076a",23.4820827,91.0504167,"Culvert","Box culvert","Road",0,FALSE,"LRP075a_1"
"232","N1",74.829,"LRP077",23.4821382,91.0516944,"KmPost","Km post missing","Road",0,FALSE,"LRP076a"
"233","N1",75.312,"LRP076a_1",23.48174983,91.05635497,"Box Culvert","COREPAI BOX CULVERT","B",4.6,TRUE,"LRP077"
"234","N1",75.589,"LRP077a",23.4815271,91.0590278,"SideRoad,Left","Road to Khangsanagar (Z1219) left road to Barua Z1028 right","Road",0,FALSE,"LRP076a_1"
"235","N1",75.829,"LRP078",23.4815549,91.0613611,"KmPost","Km post missing","Road",0,FALSE,"LRP077a"
"236","N1",76.481,"LRP077a_1",23.48061309,91.06740977,"Slab Culvert","NIMSHAR SLAB CULVERT","A",1.5,TRUE,"LRP078"
"237","N1",76.829,"LRP079",23.4801104,91.0706382,"KmPost","Km post missing","Road",0,FALSE,"LRP077a_1"
"238","N1",77.773,"LRP079a",23.4770827,91.0789993,"Culvert","Box culvert","Road",0,FALSE,"LRP079"
"239","N1",77.829,"LRP080",23.4770271,91.0794716,"KmPost","Km post missing","Road",0,FALSE,"LRP079a"
"240","N1",78.382,"LRP079a_1",23.47767229,91.08474064,"Slab Culvert","KABILA DUBARCHAR SLAB CULVERT","C",1,TRUE,"LRP080"
"241","N1",78.829,"LRP081",23.4781938,91.0889997,"KmPost","Km post missing","Road",0,FALSE,"LRP079a_1"
"242","N1",79.829,"LRP082",23.4775549,91.0986663,"KmPost","Km post missing","Road",0,FALSE,"LRP081"
"243","N1",80.342,"LRP082a",23.4778604,91.1036111,"Culvert","Box culvert","Road",0,FALSE,"LRP082"
"244","N1",80.829,"LRP083",23.4779993,91.1055278,"KmPost","Km post missing","Road",0,FALSE,"LRP082a"
"245","N1",80.949,"LRP081a",23.4781159,91.10703321,"Box Culvert","NAZIRA BOX CULVERT","B",3,TRUE,"LRP083"
"246","N1",81.801,"LRP083a",23.4789438,91.1177216,"Culvert","Box culvert","Road",0,FALSE,"LRP081a"
"247","N1",81.829,"LRP084",23.4789716,91.1179993,"KmPost","Km post missing","Road",0,FALSE,"LRP083a"
"248","N1",81.846,"LRP084a",23.4789716,91.118166,"SideRoad,Left","Road to Brahmanbaria(N102)","Road",0,FALSE,"LRP084"
"249","N1",82.393,"LRP084b",23.4793327,91.1234716,"Culvert","Box culvert","Road",0,FALSE,"LRP084a"
"250","N1",82.437,"LRP083a_1",23.47940839,91.12389208,"Box Culvert","TIPRA BAZAR BOX CULVERT","A",1.4,TRUE,"LRP084b"
"251","N1",82.829,"LRP085",23.4800827,91.1276382,"KmPost","Km post missing","Road",0,FALSE,"LRP083a_1"
"252","N1",82.989,"LRP083b",23.47954492,91.12904714,"Slab Culvert","AMTOLI SLAB CULVERT","A",2.9,TRUE,"LRP085"
"253","N1",83.829,"LRP086",23.4767216,91.1364441,"KmPost","Km post missing","Road",0,FALSE,"LRP083b"
"254","N1",84.829,"LRP087",23.4682216,91.1394441,"KmPost","Km post missing","Road",0,FALSE,"LRP086"
"255","N1",85.829,"LRP088",23.4595833,91.1421386,"KmPost","Km post missing","Road",0,FALSE,"LRP087"
"256","N1",85.897,"LRP088a",23.459,91.142333,"CrossRoad","Cross road Z1029","Road",0,FALSE,"LRP088"
"257","N1",86.829,"LRP089",23.4513056,91.1460552,"KmPost","Km post missing","Road",0,FALSE,"LRP088a"
"258","N1",87.132,"LRP089a",23.448833,91.1471386,"Bridge","Bridge start","Road",0,FALSE,"LRP089"
"259","N1",87.156,"LRP089b",23.4486386,91.1472497,"Bridge","Bridge end","Road",0,FALSE,"LRP089a"
"260","N1",87.366,"LRP089c",23.4469441,91.1481386,"CrossRoad","Cross Road with Z1052","Road",0,FALSE,"LRP089b"
"261","N1",87.713,"LRP088a_1",23.44363396,91.14936682,"RCC Girder Bridge","DHANPUR RCC GIDER BRIDGE","A",23.4,TRUE,"LRP089c"
"262","N1",87.829,"LRP090",23.4425274,91.1497774,"KmPost","Km post missing","Road",0,FALSE,"LRP088a_1"
"263","N1",88.513,"LRP091",23.4373886,91.1521944,"KmPost","Ctg 170 km","Road",0,FALSE,"LRP090"
"264","N1",89.513,"LRP092",23.4288882,91.1553889,"KmPost","Km post missing","Road",0,FALSE,"LRP091"
"265","N1",90.493,"LRP093",23.4236938,91.1626944,"KmPost","Ctg 168 km","Road",0,FALSE,"LRP092"
"266","N1",90.521,"LRP093a",23.4235827,91.1629722,"Bridge","Bridge start","Road",0,FALSE,"LRP093"
"267","N1",90.558,"LRP093b",23.423416,91.1632778,"Bridge","Bridge end","Road",0,FALSE,"LRP093a"
"268","N1",91.066,"LRP093c",23.4213604,91.167666,"RailRoadCrossing","Rail Road Crossing","Road",0,FALSE,"LRP093b"
"269","N1",91.092,"LRP092a",23.42124877,91.16789434,"RCC Girder Bridge","PADUAR BAZER RCCGIDER","B",35.9,TRUE,"LRP093c"
"270","N1",91.493,"LRP094",23.4195271,91.171416,"KmPost","Km post missing","Road",0,FALSE,"LRP092a"
"271","N1",91.583,"LRP094a",23.4191382,91.1721938,"CrossRoad","Left to Comilla Right to Noakhali","Road",0,FALSE,"LRP094"
"272","N1",92.121,"LRP095",23.4149444,91.1801382,"KmPost","Ctg 66 km,Feni 52 km","Road",0,FALSE,"LRP094a"
"273","N1",92.632,"LRP095a",23.4131111,91.1846663,"Bridge","Bridge start","Road",0,FALSE,"LRP095"
"274","N1",92.66,"LRP095b",23.4130556,91.1849163,"Bridge","Bridge end","Road",0,FALSE,"LRP095a"
"275","N1",93.121,"LRP096",23.4125,91.1893886,"KmPost","Km post missing","Road",0,FALSE,"LRP095b"
"276","N1",93.6,"LRP094a_1",23.41193242,91.19390298,"RCC Girder Bridge","MOSTAPUR RCC GIDER BRIDGE","B",27.9,TRUE,"LRP096"
"277","N1",94.129,"LRP097",23.4113056,91.1988886,"KmPost","Ctg 164 km","Road",0,FALSE,"LRP094a_1"
"278","N1",95.156,"LRP098",23.4100833,91.2087778,"KmPost","Ctg 163 km","Road",0,FALSE,"LRP097"
"279","N1",95.193,"LRP098a",23.4100278,91.2090833,"Culvert","Box culvert","Road",0,FALSE,"LRP098"
"280","N1",96.173,"LRP099",23.4048056,91.2165278,"KmPost","Ctg 162 km","Road",0,FALSE,"LRP098a"
"281","N1",96.345,"LRP099a",23.40375,91.2176382,"Bridge","Bridge start","Road",0,FALSE,"LRP099"
"282","N1",96.374,"LRP099b",23.4035556,91.2178049,"Bridge","Bridge end","Road",0,FALSE,"LRP099a"
"283","N1",97.173,"LRP100",23.3982134478043,91.2228877658143,"KmPost","Km post missing","Road",0,FALSE,"LRP099b"
"284","N1",97.257,"LRP098a_1",23.39765182,91.22342213,"RCC Girder Bridge","RAZAPARA RCC GIDER BRIDGE","A",27.9,TRUE,"LRP100"
"285","N1",98.173,"LRP101",23.3915274,91.2292493,"KmPost","Km post missing","Road",0,FALSE,"LRP098a_1"
"286","N1",98.183,"LRP101a",23.3914441,91.2293049,"Culvert","Box culvert","Road",0,FALSE,"LRP101"
"287","N1",99.075,"LRP101b",23.385083,91.2345552,"Culvert","Box culvert","Road",0,FALSE,"LRP101a"
"288","N1",99.09,"LRP101c",23.3849719,91.2346108,"Culvert","Box culvert","Road",0,FALSE,"LRP101b"
"289","N1",99.173,"LRP102",23.3843886,91.2351108,"KmPost","Km post missing","Road",0,FALSE,"LRP101c"
"290","N1",100.071,"LRP102a",23.3779716,91.2403608,"Bridge","Bridge start","Road",0,FALSE,"LRP102"
"291","N1",100.101,"LRP102b",23.3777493,91.2405274,"Bridge","Bridge end","Road",0,FALSE,"LRP102a"
"292","N1",100.173,"LRP103",23.377166,91.2409163,"KmPost","Km post missing","Road",0,FALSE,"LRP102b"
"293","N1",100.938,"LRP101a_1",23.37136478,91.24501754,"RCC Girder Bridge","SUAGAZI RCC GIDER BRIDGE","A",30.4,TRUE,"LRP103"
"294","N1",101.173,"LRP104",23.3695827,91.2462774,"KmPost","Km post missing","Road",0,FALSE,"LRP101a_1"
"295","N1",101.344,"LRP104a",23.3683327,91.2471108,"Culvert","Box culvert","Road",0,FALSE,"LRP104"
"296","N1",102.248,"LRP105",23.3615278,91.2515556,"KmPost","Ctg 156 km,Feni 43 km","Road",0,FALSE,"LRP104a"
"297","N1",102.614,"LRP105a",23.3586389,91.25325,"Bridge","Bridge start","Road",0,FALSE,"LRP105"
"298","N1",102.638,"LRP105b",23.3584444,91.2533333,"Bridge","Bridge end","Road",0,FALSE,"LRP105a"
"299","N1",103.248,"LRP106",23.3536944,91.2561389,"KmPost","Km post missing","Road",0,FALSE,"LRP105b"
"300","N1",103.456,"LRP104a_1",23.35216368,91.25729107,"RCC Girder Bridge","LAL BAG RCC GIDER BRIDGE","C",22.8,TRUE,"LRP106"
"301","N1",103.935,"LRP106a",23.3486386,91.2599444,"Culvert","Box culvert","Road",0,FALSE,"LRP104a_1"
"302","N1",104.248,"LRP107",23.3463608,91.2616944,"KmPost","Km post missing","Road",0,FALSE,"LRP106a"
"303","N1",104.753,"LRP105a_1",23.34267147,91.26448564,"Box Culvert","CHANSIRI BOXCUIVERT","A",14.3,TRUE,"LRP107"
"304","N1",105.248,"LRP108",23.3390552,91.2672216,"KmPost","Km post missing","Road",0,FALSE,"LRP105a_1"
"305","N1",105.692,"LRP108a",23.3360274,91.2700549,"Bridge","Bridge start","Road",0,FALSE,"LRP108"
"306","N1",105.736,"LRP108b",23.3357219,91.2703049,"Bridge","Bridge end","Road",0,FALSE,"LRP108a"
"307","N1",105.879,"LRP108c",23.3347219,91.271166,"SideRoad,Right","Road to Harishchar (Z1046)","Road",0,FALSE,"LRP108b"
"308","N1",106.248,"LRP109",23.3321938,91.2734716,"KmPost","Km post missing","Road",0,FALSE,"LRP108c"
"309","N1",106.519,"LRP107a",23.33014623,91.27487928,"Box Culvert","MIABAZAR BOX CULVERT","A",24,TRUE,"LRP109"
"310","N1",107.248,"LRP110",23.3246382,91.278666,"KmPost","Km post missing","Road",0,FALSE,"LRP107a"
"311","N1",107.321,"LRP110a",23.324166,91.2791104,"Bridge","Bridge start","Road",0,FALSE,"LRP110"
"312","N1",107.331,"LRP110b",23.3240827,91.279166,"Bridge","Bridge end","Road",0,FALSE,"LRP110a"
"313","N1",108.125,"LRP109a",23.31806969,91.28308673,"Box Culvert","NOYA BAZER BOX CULVERT","A",9.2,TRUE,"LRP110b"
"314","N1",108.248,"LRP111",23.3171382,91.2836941,"KmPost","Km post missing","Road",0,FALSE,"LRP109a"
"315","N1",108.518,"LRP111a",23.3149444,91.2844719,"Bridge","Bridge start","Road",0,FALSE,"LRP111"
"316","N1",108.537,"LRP111b",23.31475,91.2845552,"Bridge","Bridge end","Road",0,FALSE,"LRP111a"
"317","N1",109.135,"LRP111c",23.3096389,91.2861386,"Culvert","Box culvert","Road",0,FALSE,"LRP111b"
"318","N1",109.248,"LRP112",23.3086944,91.2864163,"KmPost","Km post missing","Road",0,FALSE,"LRP111c"
"319","N1",109.289,"LRP110a_1",23.30836127,91.2865787,"Box Culvert","DOLL BARI CULVERT","B",19.2,TRUE,"LRP112"
"320","N1",109.795,"LRP112a",23.30425,91.288583,"Culvert","Box culvert","Road",0,FALSE,"LRP110a_1"
"321","N1",109.897,"LRP110c",23.30343065,91.28897704,"Slab Culvert","DHARMA PUR SLAB CULVERT","B",2.6,TRUE,"LRP112a"
"322","N1",110.248,"LRP113",23.3006111,91.290333,"KmPost","Km post missing","Road",0,FALSE,"LRP110c"
"323","N1",110.551,"LRP111a_1",23.29796753,91.29101414,"Box Culvert","LALGORE BEZER CULVERT","A",3.2,TRUE,"LRP113"
"324","N1",110.767,"LRP113a",23.296083,91.2914997,"Bridge","Bridge start","Road",0,FALSE,"LRP111a_1"
"325","N1",110.781,"LRP113b",23.2959719,91.2915274,"Bridge","Bridge end","Road",0,FALSE,"LRP113a"
"326","N1",111.248,"LRP114",23.2919163,91.2922219,"KmPost","Km post missing","Road",0,FALSE,"LRP113b"
"327","N1",111.509,"LRP112a_1",23.28970664,91.29295847,"Box Culvert","SUPUYA BOX CULVERT","A",13.4,TRUE,"LRP114"
"328","N1",111.75,"LRP114a",23.2876663,91.2936386,"Culvert","Box culvert","Road",0,FALSE,"LRP112a_1"
"329","N1",112.248,"LRP115",23.283583,91.2952219,"KmPost","Km post missing","Road",0,FALSE,"LRP114a"
"330","N1",112.469,"LRP113a_1",23.28219493,91.29666551,"Box Culvert","BOWCHI BAZAR CULVERT","B",4.6,TRUE,"LRP115"
"331","N1",113.022,"LRP115a",23.2787216,91.3002778,"Culvert","Box culvert","Road",0,FALSE,"LRP113a_1"
"332","N1",113.248,"LRP116",23.2768882,91.3011944,"KmPost","Km post missing","Road",0,FALSE,"LRP115a"
"333","N1",113.717,"LRP114a_1",23.27301895,91.30296619,"Box Culvert","AMAN GONG SLAB CULVERT","B",6.3,TRUE,"LRP116"
"334","N1",114.248,"LRP117",23.2686382,91.3049722,"KmPost","Km post missing","Road",0,FALSE,"LRP114a_1"
"335","N1",114.364,"LRP117a",23.2677493,91.3054722,"Culvert","Box culvert","Road",0,FALSE,"LRP117"
"336","N1",114.641,"LRP117b",23.2654444,91.3064444,"Culvert","Box culvert","Road",0,FALSE,"LRP117a"
"337","N1",114.844,"LRP117c",23.2636667,91.30675,"Culvert","Box culvert","Road",0,FALSE,"LRP117b"
"338","N1",115.052,"LRP116a",23.26183609,91.30702174,"Box Culvert","RANGAMATIA (1) BOX CULVERT","B",3,TRUE,"LRP117c"
"339","N1",115.248,"LRP118",23.2601111,91.3072778,"KmPost","Km post missing","Road",0,FALSE,"LRP116a"
"340","N1",115.326,"LRP116b",23.25941665,91.3073611,"Slab Culvert","RANGOWATIA 2 CULVERT","B",3,TRUE,"LRP118"
"341","N1",115.404,"LRP118a",23.2587222,91.3074444,"Culvert","Box culvert","Road",0,FALSE,"LRP116b"
"342","N1",115.525,"LRP116c",23.25764298,91.30761565,"Box Culvert","NOWA PARA BOX CULVERT","B",3.6,TRUE,"LRP118a"
"343","N1",116.074,"LRP117a_1",23.25274634,91.30839264,"Box Culvert","HARISHARDE CULVERT","B",4.5,TRUE,"LRP116c"
"344","N1",116.248,"LRP119",23.2511944,91.3086389,"KmPost","Km post missing","Road",0,FALSE,"LRP117a_1"
"345","N1",116.422,"LRP119a",23.249833,91.3091944,"Culvert","Box culvert","Road",0,FALSE,"LRP119"
"346","N1",116.608,"LRP119b",23.248333,91.3098056,"Bridge","Bridge start","Road",0,FALSE,"LRP119a"
"347","N1",116.631,"LRP119c",23.2481663,91.3098889,"Bridge","Bridge end","Road",0,FALSE,"LRP119b"
"348","N1",116.978,"LRP119d",23.2452774,91.3110556,"Culvert","Box culvert","Road",0,FALSE,"LRP119c"
"349","N1",117.087,"LRP118a_1",23.24439151,91.31140323,"Box Culvert","SONAGATI BOX CULVERT","B",2.5,TRUE,"LRP119d"
"350","N1",117.248,"LRP120",23.243083,91.3119167,"KmPost","Km post missing","Road",0,FALSE,"LRP118a_1"
"351","N1",117.269,"LRP118b",23.24290406,91.31197395,"Box Culvert","BALUJURI BOX CULVERT","B",19.2,TRUE,"LRP120"
"352","N1",117.411,"LRP120a",23.2416941,91.3123611,"Culvert","Box culvert","Road",0,FALSE,"LRP118b"
"353","N1",117.627,"LRP118d",23.23979203,91.31257409,"Box Culvert","BALUZURI 2 CULVERT","A",2.6,TRUE,"LRP120a"
"354","N1",118.049,"LRP119a_1",23.23607595,91.3129902,"Box Culvert","KALIR BAZAR BOX CULVERT","A",2.5,TRUE,"LRP118d"
"355","N1",118.228,"LRP120b",23.2344997,91.3131667,"Culvert","Box culvert","Road",0,FALSE,"LRP119a_1"
"356","N1",118.248,"LRP121",23.2343052,91.3131667,"KmPost","Km post missing","Road",0,FALSE,"LRP120b"
"357","N1",118.563,"LRP121a",23.2314993,91.3132222,"Culvert","Box culvert","Road",0,FALSE,"LRP121"
"358","N1",118.856,"LRP119b_1",23.22891959,91.31342207,"Box Culvert","KALIA BAZER BOC CULVERT","B",3.1,TRUE,"LRP121a"
"359","N1",119.011,"LRP121b",23.2275549,91.3135278,"Culvert","Box culvert","Road",0,FALSE,"LRP119b_1"
"360","N1",119.19,"LRP120a_1",23.22591845,91.31356972,"Box Culvert","CHAUDDAGARAM BOX CULVERT","B",2.6,TRUE,"LRP121b"
"361","N1",119.248,"LRP122",23.2253882,91.3135833,"KmPost","Km post missing","Road",0,FALSE,"LRP120a_1"
"362","N1",119.628,"LRP120b_1",23.2220339,91.31370059,"Box Culvert","CHADDAGRAM BAZAR BOX CULVERT","A",6,TRUE,"LRP122"
"363","N1",119.698,"LRP122a",23.221416,91.3137222,"SideRoad,Right","Road to Bangadda (Z1045)","Road",0,FALSE,"LRP120b_1"
"364","N1",120.026,"LRP122b",23.2184993,91.3143889,"Culvert","Box culvert","Road",0,FALSE,"LRP122a"
"365","N1",120.248,"LRP123",23.2165556,91.3149167,"KmPost","Km post missing","Road",0,FALSE,"LRP122b"
"366","N1",120.634,"LRP121b_1",23.21319557,91.31534974,"Box Culvert","HAYDAR POLE BOX CULVERT","B",14.3,TRUE,"LRP123"
"367","N1",120.966,"LRP123a",23.2103056,91.3157222,"Culvert","Box culvert","Road",0,FALSE,"LRP121b_1"
"368","N1",121.248,"LRP124",23.2078889,91.3159722,"KmPost","Km post missing","Road",0,FALSE,"LRP123a"
"369","N1",121.567,"LRP122a_1",23.20503863,91.31631673,"Box Culvert","FALGUNCORA CULVERT","A",6.1,TRUE,"LRP124"
"370","N1",122.019,"LRP124a",23.201,91.3168049,"Culvert","Box culvert","Road",0,FALSE,"LRP122a_1"
"371","N1",122.248,"LRP125",23.1990274,91.3170549,"KmPost","Km post missing","Road",0,FALSE,"LRP124a"
"372","N1",122.603,"LRP123a_1",23.1961888,91.31767051,"Box Culvert","ATTOCK GRAM BOX CULVERT","A",6.1,TRUE,"LRP125"
"373","N1",123.113,"LRP125a",23.1921108,91.3185549,"Culvert","Box culvert","Road",0,FALSE,"LRP123a_1"
"374","N1",123.248,"LRP126",23.1909997,91.3192493,"KmPost","Km post missing","Road",0,FALSE,"LRP125a"
"375","N1",123.681,"LRP124a_1",23.18743503,91.32090513,"Box Culvert","BOSONTA PUR BOX CULVERT","C",6.1,TRUE,"LRP126"
"376","N1",123.771,"LRP126a",23.1866941,91.3212493,"Bridge","Bridge start","Road",0,FALSE,"LRP124a_1"
"377","N1",123.783,"LRP126b",23.1866108,91.3212771,"Bridge","Bridge end","Road",0,FALSE,"LRP126a"
"378","N1",124.248,"LRP127",23.1826382,91.3210827,"KmPost","Km post missing","Road",0,FALSE,"LRP126b"
"379","N1",124.346,"LRP125a_1",23.18179581,91.32087875,"Box Culvert","BASHONTA PUR (2)","B",9.5,TRUE,"LRP127"
"380","N1",124.862,"LRP127a",23.1773604,91.3198049,"Culvert","Box culvert","Road",0,FALSE,"LRP125a_1"
"381","N1",125.377,"LRP128",23.172916,91.3205271,"KmPost","Ctg 133 km","Road",0,FALSE,"LRP127a"
"382","N1",125.41,"LRP126a_1",23.17262723,91.32057746,"Box Culvert","NANKORA BOX CULVERT","B",3.1,TRUE,"LRP128"
"383","N1",125.923,"LRP128a",23.1681382,91.3213604,"Bridge","Bridge start","Road",0,FALSE,"LRP126a_1"
"384","N1",125.937,"LRP128b",23.1680549,91.3213604,"Bridge","Bridge end","Road",0,FALSE,"LRP128a"
"385","N1",126.377,"LRP129",23.1641389,91.3214993,"KmPost","Km post missing","Road",0,FALSE,"LRP128b"
"386","N1",126.448,"LRP127a_1",23.16351387,91.32158895,"Box Culvert","ANDAJER BAZER BOX CULVERT","A",9.5,TRUE,"LRP129"
"387","N1",127.169,"LRP129a",23.1571667,91.3224993,"Culvert","Box culvert","Road",0,FALSE,"LRP127a_1"
"388","N1",127.377,"LRP130",23.1554167,91.3232771,"KmPost","Km post missing","Road",0,FALSE,"LRP129a"
"389","N1",127.673,"LRP128a_1",23.15273649,91.32431788,"Box Culvert","DIMATOLI (1) BOX CULVERT","B",6.3,TRUE,"LRP130"
"390","N1",128.009,"LRP130a",23.1496941,91.3254993,"SideRoad,Right","Road to Nangolhat (Z1048)","Road",0,FALSE,"LRP128a_1"
"391","N1",128.278,"LRP130b",23.1480274,91.3264993,"Culvert","Box culvert","Road",0,FALSE,"LRP130a"
"392","N1",128.377,"LRP131",23.1471663,91.3266938,"KmPost","Km post missing","Road",0,FALSE,"LRP130b"
"393","N1",128.767,"LRP129a_1",23.14366677,91.32666805,"Box Culvert","DIMATOLY (2) BOX CULVERT","B",3.5,TRUE,"LRP131"
"394","N1",128.798,"LRP131a",23.1433886,91.326666,"Culvert","Box culvert","Road",0,FALSE,"LRP129a_1"
"395","N1",129.291,"LRP130a_1",23.13898932,91.32635853,"Box Culvert","JAGARNATHPUR BOX CULVERT","B",6.1,TRUE,"LRP131a"
"396","N1",129.377,"LRP132",23.1382219,91.3263049,"KmPost","Km post missing","Road",0,FALSE,"LRP130a_1"
"397","N1",129.479,"LRP132a",23.1374163,91.3264716,"Culvert","Box culvert","Road",0,FALSE,"LRP132"
"398","N1",129.955,"LRP131a_1",23.13326397,91.32754642,"Box Culvert","JAGOT PUR BOX CULVERT","B",3,TRUE,"LRP132a"
"399","N1",130.377,"LRP133",23.1295827,91.3284993,"KmPost","Km post missing","Road",0,FALSE,"LRP131a_1"
"400","N1",130.447,"LRP133a",23.1290827,91.3287216,"Culvert","Box culvert","Road",0,FALSE,"LRP133"
"401","N1",130.912,"LRP131b",23.12523636,91.33038637,"Box Culvert","HASO BOTHACH BOX CULVERT","A",6.5,TRUE,"LRP133a"
"402","N1",131.122,"LRP133b",23.1234993,91.3311382,"Culvert","Box culvert","Road",0,FALSE,"LRP131b"
"403","N1",131.377,"LRP134",23.1213327,91.3320549,"KmPost","Km post missing","Road",0,FALSE,"LRP133b"
"404","N1",131.577,"LRP132a_1",23.11969738,91.33281651,"Slab Culvert","FOKIR BAZAR SLAB CULVERT","B",4.5,TRUE,"LRP134"
"405","N1",131.625,"LRP134a",23.1193049,91.3329993,"Culvert","Box culvert","Road",0,FALSE,"LRP132a_1"
"406","N1",131.653,"LRP135",23.1191382,91.3330827,"KmPost","Ctg 127 km,Feni 16 km","Road",0,FALSE,"LRP134a"
"407","N1",132.079,"LRP133a_1",23.11582516,91.33509449,"Box Culvert","KAKKARA CULVERT","B",5.3,TRUE,"LRP135"
"408","N1",132.653,"LRP136",23.1113611,91.3378052,"KmPost","Km post missing","Road",0,FALSE,"LRP133a_1"
"409","N1",132.728,"LRP136a",23.1108056,91.3381386,"Culvert","Box culvert","Road",0,FALSE,"LRP136"
"410","N1",133.155,"LRP134a_1",23.10742845,91.34004954,"Box Culvert","Chanara Box Culvert","A",6.1,TRUE,"LRP136a"
"411","N1",133.448,"LRP136b",23.1051111,91.3413608,"Culvert","Box culvert","Road",0,FALSE,"LRP134a_1"
"412","N1",133.653,"LRP137",23.1035,91.3422497,"KmPost","Km post missing","Road",0,FALSE,"LRP136b"
"413","N1",133.873,"LRP135a",23.10175632,91.343163,"Box Culvert","CHANGARPULL(II) BOX CULVERT","B",3.1,TRUE,"LRP137"
"414","N1",134.021,"LRP137a",23.1005833,91.3437774,"Culvert","Box culvert","Road",0,FALSE,"LRP135a"
"415","N1",134.426,"LRP135b",23.09735125,91.34549563,"Box Culvert","ADONCORA","B",9.5,TRUE,"LRP137a"
"416","N1",134.571,"LRP137b",23.0961941,91.3461108,"Culvert","Box culvert","Road",0,FALSE,"LRP135b"
"417","N1",134.653,"LRP138",23.095583,91.3464441,"KmPost","Km post missing","Road",0,FALSE,"LRP137b"
"418","N1",134.974,"LRP136a_1",23.09302984,91.34783084,"Box Culvert","PODOYA BOX CULVERT","A",3.1,TRUE,"LRP138"
"419","N1",135.341,"LRP138a",23.0901108,91.3494163,"Culvert","Box culvert","Road",0,FALSE,"LRP136a_1"
"420","N1",135.653,"LRP139",23.0876108,91.3508889,"KmPost","Km post missing","Road",0,FALSE,"LRP138a"
"421","N1",135.723,"LRP136c",23.08707537,91.35121015,"Box Culvert","FOEALTPARA BOX CULVERT","B",9.25,TRUE,"LRP139"
"422","N1",135.998,"LRP139a",23.0849719,91.3524722,"Culvert","Box culvertt","Road",0,FALSE,"LRP136c"
"423","N1",136.375,"LRP137a_1",23.08199095,91.35418115,"Box Culvert","UTTOR KAIEATI CULVERT","A",3.5,TRUE,"LRP139a"
"424","N1",136.525,"LRP139b",23.0808049,91.3548611,"Bridge","Bridge start","Road",0,FALSE,"LRP137a_1"
"425","N1",136.542,"LRP139c",23.0806938,91.3549444,"Bridge","Bridge end","Road",0,FALSE,"LRP139b"
"426","N1",136.735,"LRP140",23.0792493,91.3558333,"KmPost","Ctg 122 km","Road",0,FALSE,"LRP139c"
"427","N1",136.899,"LRP137b_1",23.0779647,91.3566005,"Box Culvert","KOKALI BOX CULVERT","B",14.2,TRUE,"LRP140"
"428","N1",137.501,"LRP140a",23.0732493,91.3594167,"Culvert","Box culvert","Road",0,FALSE,"LRP137b_1"
"429","N1",137.735,"LRP141",23.0712493,91.3599722,"KmPost","Km post missing","Road",0,FALSE,"LRP140a"
"430","N1",137.856,"LRP138a_1",23.07019818,91.3603022,"Box Culvert","DUTHOSHA BOX CULVERT","B",6.1,TRUE,"LRP141"
"431","N1",138.01,"LRP141a",23.0688604,91.3607222,"Others / Others","Start of Feni road Division / Start of Feni road Division","Road",0,FALSE,"LRP138a_1"
"432","N1",138.621,"LRP141b",23.0636944,91.3616389,"Culvert","Box Culvert","Road",0,FALSE,"LRP141a"
"433","N1",138.639,"LRP142",23.0635278,91.3616389,"KmPost","Ctg 103 km","Road",0,FALSE,"LRP141b"
"434","N1",138.869,"LRP142a",23.0614722,91.3616667,"SideRoad,Right","Road to Karerhat (Z1031)","Road",0,FALSE,"LRP142"
"435","N1",138.953,"LRP140a_1",23.06074733,91.36186246,"Box Culvert","MOHAMMAD ALI MAZAR","B",4,TRUE,"LRP142a"
"436","N1",139.751,"LRP143",23.0538611,91.3637222,"KmPost","Ctg 102 km","Road",0,FALSE,"LRP140a_1"
"437","N1",140.251,"LRP143a",23.0479441,91.3651389,"CrossRoad","Z1031","Road",0,FALSE,"LRP143"
"438","N1",140.772,"LRP144",23.0449719,91.3653611,"KmPost","Ctg 101 km","Road",0,FALSE,"LRP143a"
"439","N1",140.968,"LRP144a",23.0427774,91.3654444,"Culvert","Box culvert","Road",0,FALSE,"LRP144"
"440","N1",141.304,"LRP144b",23.0398052,91.3656111,"RailRoadCrossing","Rail Road Crossing","Road",0,FALSE,"LRP144a"
"441","N1",141.531,"LRP142a_1",23.03797281,91.36567847,"Box Culvert","FATAPUR BOX CULVERT","A",10.8,TRUE,"LRP144b"
"442","N1",141.772,"LRP145",23.0360274,91.36575,"KmPost","Km post missing","Road",0,FALSE,"LRP142a_1"
"443","N1",142.507,"LRP145a",23.029416,91.3656389,"Culvert","Box culvert","Road",0,FALSE,"LRP145"
"444","N1",142.793,"LRP143a_1",23.02698012,91.36550048,"Slab Culvert","DEBIPUR SLAB CULVERT","A",1.6,TRUE,"LRP145a"
"445","N1",142.794,"LRP146",23.0269716,91.3655,"KmPost","Ctg 99 km,Feni 3 km","Road",0,FALSE,"LRP143a_1"
"446","N1",143.034,"LRP146a",23.0248327,91.3655278,"SideRoad,Right","Road to Biroli (Z1030)","Road",0,FALSE,"LRP146"
"447","N1",143.795,"LRP147",23.0193604,91.3697771,"KmPost","Ctg 98 km,Feni 2 km","Road",0,FALSE,"LRP146a"
"448","N1",143.946,"LRP147a",23.0185271,91.3708327,"Culvert","Box culvert","Road",0,FALSE,"LRP147"
"449","N1",144.67,"LRP147b",23.0140833,91.3759716,"Culvert","Box culvert","Road",0,FALSE,"LRP147a"
"450","N1",144.795,"LRP148",23.0132778,91.3769438,"KmPost","Km post missing","Road",0,FALSE,"LRP147b"
"451","N1",144.939,"LRP145a_1",23.01240484,91.37797961,"Box Culvert","CHARIPUR CULVERT.","A",3.4,TRUE,"LRP148"
"452","N1",145.409,"LRP148a",23.0095556,91.3813604,"CrossRoad / KmPost","Intersection with N104 / Km post missing","Road",0,FALSE,"LRP145a_1"
"453","N1",146.816,"LRP150",23.0018889,91.3920552,"KmPost","Ctg 95 km","Road",0,FALSE,"LRP148a"
"454","N1",147.296,"LRP148a_1",22.99924876,91.3957752,"Box Culvert","RAMPUR BOX CULVERT","A",1.5,TRUE,"LRP150"
"455","N1",147.816,"LRP151",22.9963886,91.3998052,"KmPost","Km post missing","Road",0,FALSE,"LRP148a_1"
"456","N1",147.901,"LRP151a",22.9961941,91.4005,"Bridge","Bridge start","Road",0,FALSE,"LRP151"
"457","N1",147.924,"LRP151b",22.9960552,91.4006667,"Bridge","Bridge end","Road",0,FALSE,"LRP151a"
"458","N1",148.151,"LRP149a",22.99472808,91.40228949,"RCC Girder Bridge","RAMPUR BRIDGE","A",23.4,TRUE,"LRP151b"
"459","N1",148.495,"LRP149c",22.99271694,91.4047487,"Box Culvert",".","A",1.9,TRUE,"LRP149a"
"460","N1",148.841,"LRP152",22.9906941,91.4072222,"KmPost","Ctg 93 km,Lalpole 1 km","Road",0,FALSE,"LRP149c"
"461","N1",149.289,"LRP152a",22.9877774,91.41,"SideRoad,Left","Road to Feni Town (Z1034)","Road",0,FALSE,"LRP152"
"462","N1",149.585,"LRP152b",22.9858886,91.4120556,"SideRoad,Right","Road to Sonagazi (Z1034)","Road",0,FALSE,"LRP152a"
"463","N1",149.841,"LRP153",22.9842219,91.4137222,"KmPost","Ctg 91 km","Road",0,FALSE,"LRP152b"
"464","N1",150.892,"LRP154",22.9774438,91.4205827,"KmPost","Ctg 91 km","Road",0,FALSE,"LRP153"
"465","N1",151.892,"LRP155",22.9711382,91.4273882,"KmPost","Km post missing","Road",0,FALSE,"LRP154"
"466","N1",152.892,"LRP156",22.9663333,91.4356108,"KmPost","Km post missing","Road",0,FALSE,"LRP155"
"467","N1",153.672,"LRP156a",22.9624167,91.4416941,"Bridge","Bridge start","Road",0,FALSE,"LRP156"
"468","N1",153.781,"LRP156b",22.9618056,91.4424997,"Bridge","Bridge end","Road",0,FALSE,"LRP156a"
"469","N1",153.843,"LRP155a",22.96144874,91.4429962,"PC Girder Bridge","LAMUA BRIDGE","B",94.05,TRUE,"LRP156b"
"470","N1",153.892,"LRP157",22.9611667,91.4433886,"KmPost","Km post missing","Road",0,FALSE,"LRP155a"
"471","N1",154.935,"LRP158",22.9561389,91.4517778,"KmPost","Ctg 87 km","Road",0,FALSE,"LRP157"
"472","N1",155.935,"LRP159",22.9514444,91.4600278,"KmPost","Km post missing","Road",0,FALSE,"LRP158"
"473","N1",156.947,"LRP160",22.9479997,91.4689993,"KmPost","Ctg 85 km,Bairyahat 10 km","Road",0,FALSE,"LRP159"
"474","N1",157.685,"LRP160a",22.9483608,91.4761382,"SideRoad,Left","Road to Mounshirhat (Z1081)","Road",0,FALSE,"LRP160"
"475","N1",157.947,"LRP161",22.9484997,91.4786938,"KmPost","Km post missing","Road",0,FALSE,"LRP160a"
"476","N1",158.031,"LRP159a",22.94860387,91.47949938,"Box Culvert","FAZAILPUR BOXCULVERT","A",1.5,TRUE,"LRP161"
"477","N1",158.955,"LRP162",22.9497497,91.4883608,"KmPost","Ctg 83 km","Road",0,FALSE,"LRP159a"
"478","N1",159.955,"LRP163",22.9497774,91.4980274,"KmPost","Km post missing","Road",0,FALSE,"LRP162"
"479","N1",160.243,"LRP163a",22.9496663,91.5007778,"Bridge","Bridge start","Road",0,FALSE,"LRP163"
"480","N1",160.379,"LRP161a",22.94961261,91.5020669,"PC Girder Bridge","MUHURI BRIDGE","B",191.5,TRUE,"LRP163a"
"481","N1",160.454,"LRP163b",22.949583,91.5027778,"Bridge","Bridge end","Road",0,FALSE,"LRP161a"
"482","N1",160.963,"LRP164",22.9482774,91.50725,"KmPost","Ctg 81 kkm","Road",0,FALSE,"LRP163b"
"483","N1",161.582,"LRP164a",22.9439441,91.5108611,"SideRoad,Left","Road to Chhagalnaiya (Z1032)","Road",0,FALSE,"LRP164"
"484","N1",161.963,"LRP165",22.940833,91.5124444,"KmPost","Km post missing","Road",0,FALSE,"LRP164a"
"485","N1",162.963,"LRP166",22.9329716,91.5172216,"KmPost","Km post missing","Road",0,FALSE,"LRP165"
"486","N1",163.963,"LRP167",22.9248882,91.5213327,"KmPost","Km post missing","Road",0,FALSE,"LRP166"
"487","N1",164.963,"LRP168",22.9167216,91.5253882,"KmPost","Km post missing","Road",0,FALSE,"LRP167"
"488","N1",165.097,"LRP168a",22.9156667,91.5259438,"Bridge","Bridge start","Road",0,FALSE,"LRP168"
"489","N1",165.183,"LRP166a",22.91496471,91.52628954,"PC Girder Bridge","DumGhat Bridge(L)","A",222.43,TRUE,"LRP168a"
"490","N1",165.325,"LRP168b",22.9138056,91.5268604,"Bridge / Bridge","Bridge end/Start of Chittagong Road Division / Bridge end/Start of Chittagong Road Division","Road",0,FALSE,"LRP166a"
"491","N1",165.825,"LRP166c",22.90971289,91.5289285,"Box Culvert","BUMGAT BOXCULVERT","A",6.1,TRUE,"LRP168b"
"492","N1",165.963,"LRP169",22.9085833,91.5294993,"KmPost","Km post missing","Road",0,FALSE,"LRP166c"
"493","N1",166.427,"LRP169a",22.9046667,91.5314438,"Culvert","Box culvert","Road",0,FALSE,"LRP169"
"494","N1",166.479,"LRP167a",22.9042463,91.53162978,"Slab Culvert","BOROYAR PARA SLUB CULVERT","A",3,TRUE,"LRP169a"
"495","N1",166.963,"LRP170",22.9003333,91.5333608,"KmPost","Km post missing","Road",0,FALSE,"LRP167a"
"496","N1",167.046,"LRP170a",22.8994441,91.5336108,"Others","End of Bituminous Pavment","Road",0,FALSE,"LRP170"
"497","N1",167.683,"LRP170b",22.8939997,91.5346941,"SideRoad,Left","Road to Karerhat (R151)","Road",0,FALSE,"LRP170a"
"498","N1",167.796,"LRP170c",22.8929719,91.5350274,"Others","Start of Bituminious Pavement","Road",0,FALSE,"LRP170b"
"499","N1",167.9,"LRP170d",22.8921663,91.5353052,"Culvert","Box culvert","Road",0,FALSE,"LRP170c"
"500","N1",167.963,"LRP169a_1",22.8916386,91.5354719,"Box Culvert","BAROYARHAT BOX CULVERT","A",3,TRUE,"LRP170d"
"501","N1",168.963,"LRP172",22.8829993,91.5381663,"KmPost / Culvert","Km post missing / Box culvert","Road",0,FALSE,"LRP169a_1"
"502","N1",169.878,"LRP172b",22.875166,91.5407219,"Culvert","Box culvert","Road",0,FALSE,"LRP172"
"503","N1",169.933,"LRP171a",22.87469869,91.54088366,"Box Culvert","UTTOR SONAPAR BOX CULVERT","A",4.3,TRUE,"LRP172b"
"504","N1",169.963,"LRP173",22.8744438,91.5409719,"KmPost","Km post missing","Road",0,FALSE,"LRP171a"
"505","N1",170.125,"LRP173a",22.8731382,91.5414441,"Culvert","Box culvert","Road",0,FALSE,"LRP173"
"506","N1",170.174,"LRP171b",22.87272203,91.54159588,"Box Culvert","CHAIRMEN BARI BOX CULVERT","A",2,TRUE,"LRP173a"
"507","N1",170.681,"LRP173b",22.868416,91.5431663,"Culvert","Box culvert","Road",0,FALSE,"LRP171b"
"508","N1",170.725,"LRP171c",22.86805637,91.54329633,"Box Culvert","MADDAM SONAPAR(1) BOX CULVERT","A",1.5,TRUE,"LRP173b"
"509","N1",170.963,"LRP174",22.8661111,91.5439997,"KmPost","Km post missing","Road",0,FALSE,"LRP171c"
"510","N1",171.539,"LRP174a",22.8611177231076,91.5451258450199,"Culvert","Box culvert","Road",0,FALSE,"LRP174"
"511","N1",171.554,"LRP172a",22.86098769,91.54515517,"Box Culvert","DHARBAR TILA CULVERT","A",4.3,TRUE,"LRP174a"
"512","N1",171.716,"LRP174b",22.8595833,91.5454719,"Culvert","Box culvert","Road",0,FALSE,"LRP172a"
"513","N1",171.728,"LRP172b_1",22.85948479,91.54548,"Box Culvert","MADDUM SONAPHAR-3","A",2,TRUE,"LRP174b"
"514","N1",171.963,"LRP175",22.8575556,91.5456386,"KmPost","Km post missing","Road",0,FALSE,"LRP172b_1"
"515","N1",172.122,"LRP173a_1",22.85605657,91.54571887,"Box Culvert","MAMAFOUN ASTANA CULVERT","A",1.5,TRUE,"LRP175"
"516","N1",172.128,"LRP175a",22.856,91.5457219,"Culvert","Box culvert","Road",0,FALSE,"LRP173a_1"
"517","N1",172.23,"LRP173b_1",22.85514753,91.54582218,"Slab Culvert","MAMAFAKIR ASTANA SLAB CULVERT","A",1.5,TRUE,"LRP175a"
"518","N1",172.241,"LRP175b",22.8550556,91.545833,"Culvert","Box culvert","Road",0,FALSE,"LRP173b_1"
"519","N1",172.963,"LRP176",22.8486663,91.5463608,"KmPost","Km post missing","Road",0,FALSE,"LRP175b"
"520","N1",172.969,"LRP174a_1",22.84861728,91.54637061,"Box Culvert","MASTANNAGOR BONCUL(1)","A",8.5,TRUE,"LRP176"
"521","N1",172.98,"LRP176a",22.8485274,91.5463886,"Bridge","Bridge start","Road",0,FALSE,"LRP174a_1"
"522","N1",172.99,"LRP176b",22.8484441,91.5464163,"Bridge","Bridge end","Road",0,FALSE,"LRP176a"
"523","N1",173.35,"LRP174b_1",22.84539149,91.54746892,"Box Culvert","MUSTAU NOGAR(2)","A",3,TRUE,"LRP176b"
"524","N1",173.37,"LRP176c",22.8452219,91.5475274,"Culvert","Box culvert","Road",0,FALSE,"LRP174b_1"
"525","N1",173.585,"LRP174c",22.84345514,91.54814956,"Box Culvert","MASTARI HAGOR 3 CULVERT","A",1.5,TRUE,"LRP176c"
"526","N1",173.61,"LRP176d",22.8432497,91.5482219,"Culvert","Box culvert","Road",0,FALSE,"LRP174c"
"527","N1",173.859,"LRP175a_1",22.84109433,91.5488097,"Box Culvert","MUSTAN NAGAR -4","A",3,TRUE,"LRP176d"
"528","N1",173.963,"LRP177",22.8401941,91.5490552,"KmPost","Km post missing","Road",0,FALSE,"LRP175a_1"
"529","N1",174.277,"LRP177a",22.8372497,91.5492497,"Culvert","Pipe culvert","Road",0,FALSE,"LRP177"
"530","N1",174.804,"LRP175b_1",22.83274677,91.5501035,"Box Culvert","RAIPUR BOX CUL-1","A",3,TRUE,"LRP177a"
"531","N1",174.963,"LRP178",22.8313882,91.5503611,"KmPost","Km post missing","Road",0,FALSE,"LRP175b_1"
"532","N1",175.013,"LRP176a_1",22.83096134,91.55050285,"Box Culvert","RAIPUR (2) BOX CULVERT","A",4.5,TRUE,"LRP178"
"533","N1",175.785,"LRP176b_1",22.82437066,91.55269155,"Box Culvert","PURPU DURGAPURE BOX CUL","C",12.4,TRUE,"LRP176a_1"
"534","N1",175.835,"LRP178a",22.8239438,91.5528333,"Culvert","Box culvert","Road",0,FALSE,"LRP176b_1"
"535","N1",175.963,"LRP179",22.8228049,91.5531389,"KmPost","Km post missing","Road",0,FALSE,"LRP178a"
"536","N1",176.963,"LRP180",22.8141389,91.5555833,"KmPost","Km post missing","Road",0,FALSE,"LRP179"
"537","N1",177.247,"LRP179a",22.81156344,91.55625621,"Box Culvert","MUCHIPOOL CULVERT","B",9.5,TRUE,"LRP180"
"538","N1",177.303,"LRP180a",22.8110556,91.5563889,"Culvert","Box culvert","Road",0,FALSE,"LRP179a"
"539","N1",177.709,"LRP180b",22.808,91.5579167,"Culvert","Box culvert","Road",0,FALSE,"LRP180a"
"540","N1",177.961,"LRP180c",22.8059722,91.5589167,"Culvert","Box culvert","Road",0,FALSE,"LRP180b"
"541","N1",177.963,"LRP181",22.8059444,91.5589167,"KmPost","Km post missing","Road",0,FALSE,"LRP180c"
"542","N1",178.118,"LRP181a",22.8045833,91.5591111,"Culvert","Box culvert","Road",0,FALSE,"LRP181"
"543","N1",178.963,"LRP182",22.7974719,91.5613611,"KmPost","Km post missing","Road",0,FALSE,"LRP181a"
"544","N1",179.363,"LRP181a_1",22.79418135,91.56296126,"Box Culvert","MIRSARAI BOX CUL","A",4.5,TRUE,"LRP182"
"545","N1",179.456,"LRP182a",22.7934163,91.5633333,"Culvert","Box Culvert","Road",0,FALSE,"LRP181a_1"
"546","N1",179.928,"LRP182b",22.7896108,91.5654444,"Culvert","Box culvert","Road",0,FALSE,"LRP182a"
"547","N1",179.963,"LRP183",22.7893608,91.5655833,"KmPost","Km post missing","Road",0,FALSE,"LRP182b"
"548","N1",180.85,"LRP182a_1",22.78219689,91.56910257,"RCC Girder Bridge","MIRAISORI BRIDGE","B",23.2,TRUE,"LRP183"
"549","N1",180.957,"LRP183a",22.7813327,91.5695271,"Bridge","Bridge start","Road",0,FALSE,"LRP182a_1"
"550","N1",180.963,"LRP184",22.7812216,91.5695827,"KmPost","Km post missing","Road",0,FALSE,"LRP183a"
"551","N1",180.978,"LRP184a",22.7811382,91.5696382,"Bridge","Bridge end","Road",0,FALSE,"LRP184"
"552","N1",181.464,"LRP184b",22.7771104,91.5713327,"SideRoad,Left","Road to Narayanhat (Z1021)","Road",0,FALSE,"LRP184a"
"553","N1",181.825,"LRP183b",22.77419709,91.57287375,"Box Culvert","Mirsorai(2) box culvert","A",6,TRUE,"LRP184b"
"554","N1",181.939,"LRP184c",22.7732771,91.5733604,"Culvert","Box culvert","Road",0,FALSE,"LRP183b"
"555","N1",181.963,"LRP185",22.7730271,91.5734716,"KmPost","Km post missing","Road",0,FALSE,"LRP184c"
"556","N1",182.318,"LRP184a_1",22.77025167,91.57509052,"Box Culvert","IANAINIPOL BOX CULVERT.","A",9.7,TRUE,"LRP185"
"557","N1",182.432,"LRP185a",22.7693604,91.5756104,"Culvert","Box culvert","Road",0,FALSE,"LRP184a_1"
"558","N1",182.434,"LRP185b",22.7661944,91.5779993,"Culvert","Box culvert","Road",0,FALSE,"LRP185a"
"559","N1",182.963,"LRP186",22.7654722,91.5785549,"KmPost","Km post missing","Road",0,FALSE,"LRP185b"
"560","N1",183.296,"LRP185a_1",22.76306269,91.58045388,"Box Culvert","BOKIMTOLA BOX CULVERT","A",4,TRUE,"LRP186"
"561","N1",183.416,"LRP186a",22.7621944,91.5811382,"Culvert","Box culvert","Road",0,FALSE,"LRP185a_1"
"562","N1",183.963,"LRP187",22.7585278,91.5845274,"KmPost","Km post missing","Road",0,FALSE,"LRP186a"
"563","N1",184.654,"LRP186a_1",22.75356532,91.58860042,"Box Culvert","VARTAKA BOX CULVERT","A",12.9,TRUE,"LRP187"
"564","N1",184.783,"LRP187a",22.7526389,91.5893608,"Bridge","Bridge start","Road",0,FALSE,"LRP186a_1"
"565","N1",184.806,"LRP187b",22.7525,91.5894719,"Bridge","Bridge end","Road",0,FALSE,"LRP187a"
"566","N1",184.963,"LRP188",22.7513333,91.5903608,"KmPost","Km post missing","Road",0,FALSE,"LRP187b"
"567","N1",185.058,"LRP187a_1",22.75063935,91.59088404,"Box Culvert","VARTAGIA BOX CULVERT","A",3,TRUE,"LRP188"
"568","N1",185.195,"LRP188a",22.7496386,91.5916386,"Culvert","Box culvert","Road",0,FALSE,"LRP187a_1"
"569","N1",185.842,"LRP187b_1",22.74451365,91.59439989,"Box Culvert","BOTHAGIA (-3) BOX CULVERT","B",8.1,TRUE,"LRP188a"
"570","N1",185.963,"LRP189",22.7435552,91.5949163,"KmPost","Km post missing","Road",0,FALSE,"LRP187b_1"
"571","N1",185.995,"LRP189a",22.7433052,91.5950274,"Culvert","Box culvert","Road",0,FALSE,"LRP189"
"572","N1",186.963,"LRP190",22.7349997,91.5979441,"KmPost","Km post missing","Road",0,FALSE,"LRP189a"
"573","N1",186.975,"LRP190a",22.7349163,91.5979719,"Culvert","Box culvert","Road",0,FALSE,"LRP190"
"574","N1",187.963,"LRP191",22.7263882,91.6007778,"KmPost","Km post missing","Road",0,FALSE,"LRP190a"
"575","N1",188.35,"LRP190a_1",22.72331676,91.60243314,"Box Culvert","NIAZAMPUR BOX CULVERT","A",3,TRUE,"LRP191"
"576","N1",188.502,"LRP191a",22.7221104,91.6030833,"Culvert","Box culvert","Road",0,FALSE,"LRP190a_1"
"577","N1",188.963,"LRP192",22.7185549,91.6053056,"KmPost","Km post missing","Road",0,FALSE,"LRP191a"
"578","N1",189.058,"LRP191a_1",22.71782439,91.60576233,"Box Culvert","MIRJAPUR BOX CULVERT","A",3,TRUE,"LRP192"
"579","N1",189.13,"LRP191b",22.71727073,91.60610848,"Box Culvert","MIRZAPUR (2) BOX CULVERT","A",3,TRUE,"LRP191a_1"
"580","N1",189.223,"LRP192a",22.7165556,91.6065556,"Culvert","Box culvert","Road",0,FALSE,"LRP191b"
"581","N1",189.298,"LRP192b",22.716,91.6069167,"Culvert","Box culvert","Road",0,FALSE,"LRP192a"
"582","N1",189.513,"LRP193",22.7143889,91.6079444,"KmPost","Ctg 52 km,Sitakhada 12 km","Road",0,FALSE,"LRP192b"
"583","N1",189.58,"LRP191c",22.71387274,91.60823522,"Box Culvert","ISAMATI BOX CULVERT","C",19.2,TRUE,"LRP193"
"584","N1",189.769,"LRP193a",22.7124167,91.6090556,"Culvert","Box culvert","Road",0,FALSE,"LRP191c"
"585","N1",190.376,"LRP193b",22.7076111,91.6118056,"Culvert","Box Culvert","Road",0,FALSE,"LRP193a"
"586","N1",190.513,"LRP194",22.7065556,91.6123611,"KmPost","Km post missing","Road",0,FALSE,"LRP193b"
"587","N1",190.581,"LRP194a",22.706,91.6126944,"Culvert","Box culvert","Road",0,FALSE,"LRP194"
"588","N1",190.923,"LRP194b",22.7033056,91.6142222,"Culvert","Box culvert","Road",0,FALSE,"LRP194a"
"589","N1",191.107,"LRP193a_1",22.7018165,91.61497346,"Box Culvert","DUKHIN UTHPAR BOX CULVERT","A",19.2,TRUE,"LRP194b"
"590","N1",191.304,"LRP194c",22.7002222,91.6157778,"Culvert","Box culvert","Road",0,FALSE,"LRP193a_1"
"591","N1",191.524,"LRP195",22.6984997,91.616666,"KmPost","Ctg 50 km,Sitakanda 10 km","Road",0,FALSE,"LRP194c"
"592","N1",192.308,"LRP195a",22.6919719,91.6198604,"Culvert","Box culvert","Road",0,FALSE,"LRP195"
"593","N1",192.408,"LRP194a_1",22.69125171,91.62016906,"Box Culvert","VANGGARPOL BOX CULVERT","A",4.2,TRUE,"LRP195a"
"594","N1",192.524,"LRP196",22.6904163,91.6205271,"KmPost","Km post missing","Road",0,FALSE,"LRP194a_1"
"595","N1",192.622,"LRP196a",22.689583,91.6208327,"Culvert","Box culvert","Road",0,FALSE,"LRP196"
"596","N1",192.95,"LRP195a_1",22.68686976,91.62203858,"Box Culvert","BORO KAMALDA BOX CULVERT","A",3.2,TRUE,"LRP196a"
"597","N1",193.166,"LRP196b",22.685083,91.6228327,"Culvert","Box culvert","Road",0,FALSE,"LRP195a_1"
"598","N1",193.483,"LRP197",22.6825549,91.6241938,"KmPost","Ctg 48 km,Sitakanda 8 km","Road",0,FALSE,"LRP196b"
"599","N1",194.149,"LRP196a_1",22.6769773,91.62681695,"Box Culvert","TARAT BOX CULVERT","A",6,TRUE,"LRP197"
"600","N1",194.153,"LRP197a",22.6769438,91.6268327,"Culvert","Box culvert","Road",0,FALSE,"LRP196a_1"
"601","N1",194.384,"LRP197b",22.6751382,91.6274438,"Culvert","Box culvert","Road",0,FALSE,"LRP197a"
"602","N1",194.483,"LRP198",22.6743049,91.6277493,"KmPost","Km post missing","Road",0,FALSE,"LRP197b"
"603","N1",194.603,"LRP198a",22.6733049,91.6280827,"SideRoad,Left","Road to Haidchokia (Z1086)","Road",0,FALSE,"LRP198"
"604","N1",194.734,"LRP198b",22.6722493,91.6285271,"Culvert","Box culvert","Road",0,FALSE,"LRP198a"
"605","N1",194.998,"LRP197a_1",22.66995944,91.62935317,"Box Culvert","Tarial Bazar Culvert","A",3,TRUE,"LRP198b"
"606","N1",195.24,"LRP198c",22.6678604,91.6301104,"Culvert","Box culvert","Road",0,FALSE,"LRP197a_1"
"607","N1",195.501,"LRP197b_1",22.6657839,91.63112936,"Box Culvert","MIRJA PUR (3) BOX CULVERT","A",3,TRUE,"LRP198c"
"608","N1",195.61,"LRP199",22.6649167,91.6315549,"KmPost","Ctg 46 km,Sitakanda 6 km","Road",0,FALSE,"LRP197b_1"
"609","N1",195.748,"LRP199a",22.6638333,91.6321382,"Culvert","Box culvert","Road",0,FALSE,"LRP199"
"610","N1",196.038,"LRP198a_1",22.66159568,91.63352574,"Box Culvert","SATU DURUAR HAT BOX CULVERT","A",3,TRUE,"LRP199a"
"611","N1",196.288,"LRP199b",22.6596667,91.6347219,"Culvert","Box culvert","Road",0,FALSE,"LRP198a_1"
"612","N1",196.61,"LRP200",22.6571389,91.636333,"KmPost","Km post missing","Road",0,FALSE,"LRP199b"
"613","N1",196.925,"LRP199a_1",22.65471243,91.63792618,"Box Culvert","RONA SORA CULVERT","A",3.1,TRUE,"LRP200"
"614","N1",196.967,"LRP200a",22.6543889,91.6381386,"Culvert","Box culvert","Road",0,FALSE,"LRP199a_1"
"615","N1",197.176,"LRP200b",22.6527778,91.6391663,"Culvert","Box culvert","Road",0,FALSE,"LRP200a"
"616","N1",197.39,"LRP199b_1",22.65107095,91.64003412,"Box Culvert","NUNA CHARA BOX CULVERT","A",4.6,TRUE,"LRP200b"
"617","N1",197.587,"LRP201",22.6494997,91.640833,"KmPost","Ctg 44 km,Sitakanda 4 km","Road",0,FALSE,"LRP199b_1"
"618","N1",197.654,"LRP201a",22.6489997,91.6411108,"Culvert","Box culvert","Road",0,FALSE,"LRP201"
"619","N1",197.846,"LRP199c",22.64745611,91.64191712,"Box Culvert","BOTTOL BOX CULVERT","A",12.4,TRUE,"LRP201a"
"620","N1",198.117,"LRP201b",22.6452774,91.6430552,"Culvert","Box culvert","Road",0,FALSE,"LRP199c"
"621","N1",198.587,"LRP202",22.641583,91.6451108,"KmPost","Km post missing","Road",0,FALSE,"LRP201b"
"622","N1",199.279,"LRP201a_1",22.63609659,91.64820924,"Box Culvert","KACHAI PATH BOX CULVERT","A",3,TRUE,"LRP202"
"623","N1",199.502,"LRP201b_1",22.63432857,91.64920773,"Box Culvert","KACHAI POTTI BOX CULVERT","A",3,TRUE,"LRP201a_1"
"624","N1",199.561,"LRP202a",22.6338608,91.6494719,"Culvert","Box culvert","Road",0,FALSE,"LRP201b_1"
"625","N1",199.648,"LRP203",22.6330827,91.649833,"KmPost","Ctg 42 km,Sitakanda 2 km","Road",0,FALSE,"LRP202a"
"626","N1",199.783,"LRP203a",22.6320271,91.6503889,"Culvert","Box culvert","Road",0,FALSE,"LRP203"
"627","N1",200.277,"LRP202a_1",22.62816664,91.65275783,"Box Culvert","EGOL PUR BOX CULVERT","A",3,TRUE,"LRP203a"
"628","N1",200.565,"LRP203b",22.625916,91.6541389,"Culvert","Box culvert","Road",0,FALSE,"LRP202a_1"
"629","N1",200.575,"LRP202b",22.62583234,91.65418576,"Box Culvert","UTTOR SITAKONDO BAZAR BOX CULVERT","B",6.1,TRUE,"LRP203b"
"630","N1",200.648,"LRP204",22.6252216,91.6545278,"KmPost","Km post missing","Road",0,FALSE,"LRP202b"
"631","N1",200.867,"LRP204a",22.6234716,91.6553056,"Culvert","Box culvert","Road",0,FALSE,"LRP204"
"632","N1",200.918,"LRP203a_1",22.62304617,91.65546725,"Slab Culvert","SITAKUNDA SLAB","A",3,TRUE,"LRP204a"
"633","N1",201.2,"LRP204b",22.6206938,91.6563611,"Culvert","Box culvert","Road",0,FALSE,"LRP203a_1"
"634","N1",201.363,"LRP204c",22.6194993,91.6568889,"Bridge","Bridge start","Road",0,FALSE,"LRP204b"
"635","N1",201.383,"LRP204d",22.6180271,91.6578333,"Bridge / Culvert","Bridge end / Box culvert","Road",0,FALSE,"LRP204c"
"636","N1",201.52,"LRP203b_1",22.61775635,91.65805894,"Box Culvert","MOHADAB PUR BOX CULVERT","A",3,TRUE,"LRP204d"
"637","N1",201.636,"LRP204f",22.6175271,91.65825,"Culvert","Box culvert","Road",0,FALSE,"LRP203b_1"
"638","N1",201.727,"LRP205",22.6169716,91.65875,"KmPost","Ctg 40 km,Sitakanda 0 km","Road",0,FALSE,"LRP204f"
"639","N1",201.743,"LRP205a",22.6168604,91.6588611,"Culvert","Box culvert","Road",0,FALSE,"LRP205"
"640","N1",201.999,"LRP204a_1",22.61498997,91.66026705,"Slab Culvert","PURBOMOHADAB PUR SLAB CULVERT(L)","A",4.6,TRUE,"LRP205a"
"641","N1",202.355,"LRP205b",22.6123889,91.6622222,"Culvert","Box culvert","Road",0,FALSE,"LRP204a_1"
"642","N1",202.435,"LRP205a_1",22.61175567,91.66256867,"Box Culvert","MADICAL MORE CULVERT","A",3,TRUE,"LRP205b"
"643","N1",202.727,"LRP206",22.6094444,91.6638333,"KmPost","Km post missing","Road",0,FALSE,"LRP205a_1"
"644","N1",202.799,"LRP206a",22.6088889,91.6641111,"Culvert","Box culvert","Road",0,FALSE,"LRP206"
"645","N1",203.457,"LRP206a_1",22.60383944,91.66737456,"Box Culvert","DOKHIN MOHADEB PUR BOX CULVERT","A",2.95,TRUE,"LRP206a"
"646","N1",203.651,"LRP206b",22.60235069,91.66833673,"Box Culvert","KALIAVA BOX CULVERT","B",4.5,TRUE,"LRP206a_1"
"647","N1",203.751,"LRP207",22.6015833,91.6688327,"KmPost","Ctg 38 km","Road",0,FALSE,"LRP206b"
"648","N1",203.881,"LRP207a",22.601,91.6692771,"Culvert","Box culvert","Road",0,FALSE,"LRP207"
"649","N1",203.996,"LRP207b",22.6000556,91.6699438,"Culvert","Box culvert","Road",0,FALSE,"LRP207a"
"650","N1",204.045,"LRP207c",22.5994441,91.6703049,"Culvert","Box culvert","Road",0,FALSE,"LRP207b"
"651","N1",204.342,"LRP206c",22.59716658,91.67181921,"Box Culvert","SKM BOX CULVERT(1)","B",9.3,TRUE,"LRP207c"
"652","N1",204.726,"LRP207d",22.5942219,91.6737771,"Culvert","Box culvert","Road",0,FALSE,"LRP206c"
"653","N1",204.751,"LRP208",22.5939997,91.6738327,"KmPost","Km post missing","Road",0,FALSE,"LRP207d"
"654","N1",204.765,"LRP207a_1",22.59388818,91.67388894,"Box Culvert","HATILOTA BOX CULVERT","A",4.5,TRUE,"LRP208"
"655","N1",205.159,"LRP208a",22.5907497,91.6754716,"Culvert","Box culvert","Road",0,FALSE,"LRP207a_1"
"656","N1",205.615,"LRP208a_1",22.58703502,91.67704447,"RCC Girder Bridge","BAROCONDO BRIDGE","C",22.25,TRUE,"LRP208a"
"657","N1",205.916,"LRP209",22.584583,91.6780827,"KmPost","Info.Missing","Road",0,FALSE,"LRP208a_1"
"658","N1",206.033,"LRP209a",22.5836663,91.6784716,"Bridge","Bridge start","Road",0,FALSE,"LRP209"
"659","N1",206.059,"LRP209b",22.5834997,91.6785827,"Bridge","Bridge end","Road",0,FALSE,"LRP209a"
"660","N1",206.3,"LRP208d",22.58150867,91.67953904,"Box Culvert","BAROGINDO CULVERT","A",2.5,TRUE,"LRP209b"
"661","N1",206.402,"LRP209c",22.580666,91.6799438,"SideRoad,Left","Road to Katirhat (Z1087)","Road",0,FALSE,"LRP208d"
"662","N1",206.733,"LRP209d",22.5779438,91.6811382,"Culvert","Box culvert","Road",0,FALSE,"LRP209c"
"663","N1",206.866,"LRP209a_1",22.57679302,91.68162274,"Box Culvert","BARO-CUNDHOW BOX CULVERT","A",10.2,TRUE,"LRP209d"
"664","N1",206.916,"LRP210",22.5763604,91.6818049,"KmPost","Km post missing","Road",0,FALSE,"LRP209a_1"
"665","N1",207.293,"LRP210a",22.5731938,91.6830827,"Bridge","Bridge start","Road",0,FALSE,"LRP210"
"666","N1",207.311,"LRP210b",22.5730549,91.6831938,"Bridge","Bridge end","Road",0,FALSE,"LRP210a"
"667","N1",207.64,"LRP210a_1",22.57029059,91.68400967,"Box Culvert","PHPMORE BON CULVERT","A",3,TRUE,"LRP210b"
"668","N1",207.913,"LRP210b_1",22.56799681,91.68468666,"Box Culvert","CHARA KANDI BOX CULVERT","A",8.2,TRUE,"LRP210a_1"
"669","N1",207.916,"LRP211",22.5679716,91.6846941,"KmPost","Km post missing","Road",0,FALSE,"LRP210b_1"
"670","N1",208.094,"LRP211a",22.5664722,91.6851663,"Culvert","Box culvert","Road",0,FALSE,"LRP211"
"671","N1",208.1,"LRP210d",22.56642129,91.68518266,"Box Culvert","R. R TEXTAIL BOX CULVERT","A",4.5,TRUE,"LRP211a"
"672","N1",208.369,"LRP211b",22.5641389,91.6859163,"Bridge","Bridge start","Road",0,FALSE,"LRP210d"
"673","N1",208.383,"LRP211c",22.564,91.6859441,"Bridge","Bridge end","Road",0,FALSE,"LRP211b"
"674","N1",208.6,"LRP211d",22.5624722,91.6863608,"Culvert","Box culvert","Road",0,FALSE,"LRP211c"
"675","N1",208.916,"LRP212",22.5594444,91.6872219,"KmPost","Km post missing","Road",0,FALSE,"LRP211d"
"676","N1",209.024,"LRP211a_1",22.55852109,91.68750624,"Box Culvert","OHIDPUR BOX CULVERT","A",4.1,TRUE,"LRP212"
"677","N1",209.514,"LRP212a",22.55433198,91.68879631,"RCC Girder Bridge","BARSH BARIA BRIDGE","B",21.6,TRUE,"LRP211a_1"
"678","N1",209.855,"LRP213",22.5514167,91.6896941,"KmPost","Ctg 32 km","Road",0,FALSE,"LRP212a"
"679","N1",209.999,"LRP213a",22.5503056,91.6902774,"Bridge","Bridge start","Road",0,FALSE,"LRP213"
"680","N1",210.03,"LRP213b",22.5501667,91.6903886,"Bridge","Bridge end","Road",0,FALSE,"LRP213a"
"681","N1",210.476,"LRP213a_1",22.54677272,91.69262606,"Box Culvert","SOUTH BALSH KHALI BOX CULVERT","A",3,TRUE,"LRP213b"
"682","N1",210.776,"LRP213b_1",22.54448978,91.69413108,"Box Culvert","DOKHIN BASH-KHALI BOX CULVERT","A",5.2,TRUE,"LRP213a_1"
"683","N1",210.855,"LRP214",22.5438886,91.6945274,"KmPost","Km post missing","Road",0,FALSE,"LRP213b_1"
"684","N1",210.974,"LRP214a",22.5428608,91.6950274,"Culvert","Box culvert","Road",0,FALSE,"LRP214"
"685","N1",211.433,"LRP214a_1",22.53903002,91.69654527,"Box Culvert","SOTTANA MONDIR CULVERT","A",8.2,TRUE,"LRP214a"
"686","N1",211.856,"LRP215",22.5354997,91.6979441,"KmPost","Ctg 30 km","Road",0,FALSE,"LRP214a_1"
"687","N1",211.946,"LRP215a",22.5347774,91.698333,"Culvert","Box culvert","Road",0,FALSE,"LRP215"
"688","N1",212.483,"LRP215a_1",22.5303678,91.70046412,"Box Culvert","GULAM JUTE MILE BOX CULVERT","A",3,TRUE,"LRP215a"
"689","N1",212.856,"LRP216",22.5273049,91.7019444,"KmPost","Km post missing","Road",0,FALSE,"LRP215a_1"
"690","N1",213.386,"LRP215b",22.52293592,91.70383662,"Arch Masonry","KYSTELGATE ARCH","B",16.3,TRUE,"LRP216"
"691","N1",213.813,"LRP216a",22.519416,91.7053611,"Bridge","Bridge start","Road",0,FALSE,"LRP215b"
"692","N1",213.831,"LRP216b",22.5192654072289,91.7054032807229,"Bridge","Bridge end","Road",0,FALSE,"LRP216a"
"693","N1",213.896,"LRP217",22.5187216,91.7055556,"KmPost","Ctg 28 km","Road",0,FALSE,"LRP216b"
"694","N1",214.172,"LRP217a",22.5165556,91.7065833,"Bridge","Bridge start","Road",0,FALSE,"LRP217"
"695","N1",214.217,"LRP217b",22.5161667,91.70675,"Bridge","Bridge end","Road",0,FALSE,"LRP217a"
"696","N1",214.399,"LRP217c",22.5147222,91.7074444,"Culvert","Box culvert","Road",0,FALSE,"LRP217b"
"697","N1",214.593,"LRP217d",22.5131389,91.7080833,"Bridge","Bridge start","Road",0,FALSE,"LRP217c"
"698","N1",214.634,"LRP217e",22.5127778,91.7082222,"Bridge","Bridge end","Road",0,FALSE,"LRP217d"
"699","N1",214.807,"LRP217a_1",22.51134712,91.70879079,"RCC Girder Bridge","BORO KUMIRA BRIDGE","C",27,TRUE,"LRP217e"
"700","N1",214.896,"LRP218",22.5106111,91.7090833,"KmPost","Km post missing","Road",0,FALSE,"LRP217a_1"
"701","N1",215.04,"LRP218a",22.5094444,91.7096389,"Bridge","Bridge start","Road",0,FALSE,"LRP218"
"702","N1",215.052,"LRP218b",22.5093611,91.7096944,"Bridge","Bridge end","Road",0,FALSE,"LRP218a"
"703","N1",215.291,"LRP218c",22.5074444,91.7105556,"Bridge","Bridge start","Road",0,FALSE,"LRP218b"
"704","N1",215.309,"LRP218d",22.5073056,91.7106389,"Bridge","Bridge end","Road",0,FALSE,"LRP218c"
"705","N1",215.467,"LRP218a_1",22.50602204,91.71128482,"Box Culvert","ROYL CIMINT GATE CULVETRT","A",4.5,TRUE,"LRP218d"
"706","N1",215.839,"LRP218e",22.503,91.7128056,"Culvert","Box culvert","Road",0,FALSE,"LRP218a_1"
"707","N1",215.896,"LRP219",22.5025556,91.7130556,"KmPost","Km post missing","Road",0,FALSE,"LRP218e"
"708","N1",216.196,"LRP218b_1",22.50008583,91.71415049,"RCC Girder Bridge","GORA MARA RCC GIRDER BRIDGE","A",17.6,TRUE,"LRP219"
"709","N1",216.581,"LRP219a",22.4969163,91.7155556,"Bridge","Bridge start","Road",0,FALSE,"LRP218b_1"
"710","N1",216.6,"LRP219b",22.4968052,91.7156389,"Bridge","Bridge end","Road",0,FALSE,"LRP219a"
"711","N1",216.896,"LRP220",22.494583,91.7170827,"KmPost","Km post missing","Road",0,FALSE,"LRP219b"
"712","N1",217.377,"LRP219a_1",22.4904406,91.71827267,"Box Culvert","GORA MARI BOX CULVERT","B",3,TRUE,"LRP220"
"713","N1",217.783,"LRP220a",22.4869441,91.7192771,"Culvert","Box culvert","Road",0,FALSE,"LRP219a_1"
"714","N1",217.942,"LRP220a_1",22.48554801,91.71953095,"Box Culvert","BARAOWLLA BOX CULVERT","A",4.5,TRUE,"LRP220a"
"715","N1",217.957,"LRP221",22.4854163,91.7195549,"KmPost","Ctg 24 km","Road",0,FALSE,"LRP220a_1"
"716","N1",218.254,"LRP221a",22.4828070657016,91.7200510024499,"Culvert","Box culvert","Road",0,FALSE,"LRP221"
"717","N1",218.441,"LRP220b",22.48116421,91.72036336,"RCC Girder Bridge","MUDDO SONAISORI BRIDGE","B",23.2,TRUE,"LRP221a"
"718","N1",218.855,"LRP221b",22.4775271,91.7210549,"Bridge","Bridge start","Road",0,FALSE,"LRP220b"
"719","N1",218.88,"LRP221c",22.4773049,91.7211104,"Bridge","Bridge end","Road",0,FALSE,"LRP221b"
"720","N1",218.969,"LRP222",22.4765271,91.7213327,"KmPost","Info.Missing","Road",0,FALSE,"LRP221c"
"721","N1",219.427,"LRP221a_1",22.47285309,91.72326335,"Box Culvert","HATIBORI BOX CULVERT","A",6,TRUE,"LRP222"
"722","N1",219.852,"LRP222a",22.4694438,91.7250549,"Culvert","Box culvert","Road",0,FALSE,"LRP221a_1"
"723","N1",219.988,"LRP223",22.468416,91.7255827,"KmPost","Ctg 22 km","Road",0,FALSE,"LRP222a"
"724","N1",220.725,"LRP223a",22.46243864,91.7285307,"RCC Girder Bridge","SHLAKHAR PAD BRIDGE","B",23.2,TRUE,"LRP223"
"725","N1",220.988,"LRP224",22.4603056,91.7295827,"KmPost","Km post missing","Road",0,FALSE,"LRP223a"
"726","N1",221.172,"LRP224a",22.4588333,91.7303604,"Bridge","Bridge start","Road",0,FALSE,"LRP224"
"727","N1",221.198,"LRP224b",22.4586389,91.7304716,"Bridge","Bridge end","Road",0,FALSE,"LRP224a"
"728","N1",222.006,"LRP225",22.4518235004425,91.7331283022124,"KmPost","Info.Missing","Road",0,FALSE,"LRP224b"
"729","N1",222.357,"LRP224a_1",22.44886285,91.73428239,"Box Culvert","KODOM RASUL BOX CULVERT","A",3,TRUE,"LRP225"
"730","N1",222.687,"LRP225a",22.44607933,91.73536743,"RCC Girder Bridge","SALAKHARPAD BRIDGE","C",26.3,TRUE,"LRP224a_1"
"731","N1",223.006,"LRP226",22.4433886,91.7364163,"KmPost","Km post missing","Road",0,FALSE,"LRP225a"
"732","N1",223.11,"LRP226a",22.4424997,91.7366663,"Bridge","Bridge start","Road",0,FALSE,"LRP226"
"733","N1",223.141,"LRP226b",22.4422219,91.7367497,"Bridge","Bridge end","Road",0,FALSE,"LRP226a"
"734","N1",223.743,"LRP226a_1",22.43750352,91.73866595,"Box Culvert","HASNA BAD BOX CULVERT","A",3,TRUE,"LRP226b"
"735","N1",224.053,"LRP226b_1",22.43507379,91.73965272,"RCC Girder Bridge","VATERIE BRIDGE","A",40,TRUE,"LRP226a_1"
"736","N1",224.066,"LRP227",22.4349719,91.7396941,"KmPost","Km post missing","Road",0,FALSE,"LRP226b_1"
"737","N1",224.203,"LRP227a",22.4333049,91.7403608,"Culvert","Box culvert","Road",0,FALSE,"LRP227"
"738","N1",224.514,"LRP227b",22.4307493,91.7415274,"Bridge","Bridge start","Road",0,FALSE,"LRP227a"
"739","N1",224.557,"LRP227c",22.4304438,91.7417219,"Bridge","Bridge end","Road",0,FALSE,"LRP227b"
"740","N1",225.006,"LRP228",22.4269716,91.7439997,"KmPost","Km post missing","Road",0,FALSE,"LRP227c"
"741","N1",225.702,"LRP228a",22.42204155,91.74802098,"PC Girder Bridge","DHAMAKHALI BRIDGE","B",35.1,TRUE,"LRP228"
"742","N1",226.006,"LRP229",22.4198882,91.7497774,"KmPost","Km post missing","Road",0,FALSE,"LRP228a"
"743","N1",226.171,"LRP229a",22.4185549,91.7504722,"Bridge","Bridge start","Road",0,FALSE,"LRP229"
"744","N1",226.209,"LRP229b",22.4182771,91.7506667,"Bridge","Bridge end","Road",0,FALSE,"LRP229a"
"745","N1",227.006,"LRP230",22.4119167,91.7543611,"KmPost","Km post missing","Road",0,FALSE,"LRP229b"
"746","N1",227.206,"LRP230a",22.4101111,91.7544444,"Others","End of Bituminous Pavement","Road",0,FALSE,"LRP230"
"747","N1",227.412,"LRP230b",22.4084167,91.7551389,"Culvert","Box culvert","Road",0,FALSE,"LRP230a"
"748","N1",227.414,"LRP230c",22.408399210101,91.755143576431,"Others","Start of Bituminous Pavement","Road",0,FALSE,"LRP230b"
"749","N1",228.006,"LRP231",22.4032222,91.7565278,"KmPost","Km post missing","Road",0,FALSE,"LRP230c"
"750","N1",228.029,"LRP230a_1",22.40301454,91.75657412,"Box Culvert","VATIARI CULVERT","A",5,TRUE,"LRP231"
"751","N1",228.406,"LRP231a",22.3996108,91.7573333,"SideRoad,Right","Road to Biman Bandar (Z1016)","Road",0,FALSE,"LRP230a_1"
"752","N1",228.51,"LRP231b",22.3988608,91.7576667,"Bridge","Bridge start","Road",0,FALSE,"LRP231a"
"753","N1",228.517,"LRP231c",22.3988052,91.7576667,"Bridge","Bridge end","Road",0,FALSE,"LRP231b"
"754","N1",228.797,"LRP231a_1",22.39633988,91.75825516,"Box Culvert","T. B HOSPITAL GATE BOX CULVERT","A",3,TRUE,"LRP231c"
"755","N1",229.006,"LRP232",22.3944997,91.7586944,"KmPost","Km post missing","Road",0,FALSE,"LRP231a_1"
"756","N1",229.065,"LRP232a",22.3937774,91.7588056,"SideRoad,Right","N111, Port Connecting Road","Road",0,FALSE,"LRP232"
"757","N1",229.203,"LRP231b_1",22.39271753,91.75908821,"PC Girder Bridge","GAMMON BRIDGE","A",18,TRUE,"LRP232a"
"758","N1",229.282,"LRP232b",22.3921108,91.75925,"Culvert","Box culvert","Road",0,FALSE,"LRP231b_1"
"759","N1",229.633,"LRP232c",22.3892497,91.7605,"Bridge","Bridge start","Road",0,FALSE,"LRP232b"
"760","N1",229.692,"LRP232d",22.3887497,91.7607222,"Bridge","Bridge end","Road",0,FALSE,"LRP232c"
"761","N1",230.006,"LRP233",22.3861663,91.7618333,"KmPost","Km post missing","Road",0,FALSE,"LRP232d"
"762","N1",230.13,"LRP232a_1",22.38524588,91.76250566,"Box Culvert","PAKKA MATA BOX CULVERT","A",3,TRUE,"LRP233"
"763","N1",230.631,"LRP233a",22.3815271,91.7652222,"Culvert","Box culvert","Road",0,FALSE,"LRP232a_1"
"764","N1",230.921,"LRP233a_1",22.37970118,91.76704765,"Box Culvert","GLAXO BOX CULVERT","A",8.3,TRUE,"LRP233a"
"765","N1",231.006,"LRP234",22.379166,91.7675827,"KmPost","Km post missing","Road",0,FALSE,"LRP233a_1"
"766","N1",231.442,"LRP234a",22.3764716,91.770416,"Bridge","Bridge start","Road",0,FALSE,"LRP234"
"767","N1",231.461,"LRP234b",22.3762254893617,91.7705432663121,"Bridge","Bridge end","Road",0,FALSE,"LRP234a"
"768","N1",231.966,"LRP234a_1",22.36968413,91.77392587,"Box Culvert","CORNAIL HAT BOX CULVERT","A",3,TRUE,"LRP234b"
"769","N1",232.006,"LRP235",22.369166,91.7741938,"KmPost","Km post missing","Road",0,FALSE,"LRP234a_1"
"770","N1",232.561,"LRP235a",22.3691382,91.777666,"Others","End of Bituminous Road","Road",0,FALSE,"LRP235"
"771","N1",232.754,"LRP235b",22.3586667,91.7822771,"Others","The chittagong city area starts from Alongka cinema Hall","Road",0,FALSE,"LRP235a"
"772","N1",241.063,"LRP244b",22.3644444,91.8511111,"Others","Chittagong city area ends and the survey of N1 starts again","Road",0,FALSE,"LRP235b"
