"","Road","Description","LRP.start","Offset.start","Chainage.start","LRP.end","Offset.end","Chainage.end","Length (km)","Heavy Truck","Medium Truck","Small Truck","Large Bus","Medium Bus","Micro Bus","Utility","Car","Auto Rickshaw","Motor Cycle","Bi-Cycle","Cycle Rickshaw","Cart","Motorized","Non Motorized","Total AADT","Segment","Side","PCE"
"2","N1","Jatrabari - Int.with Z1101 (Left) (Left)","LRPS","0","0","LRPS","822","0.822","0.822","402.0","5842.0","1147.0","2842.0","526.0","2010.0","238.0","1851.0","2980.0","398.0","232.0","889.0","0.0","18236.0","1121.0","19357.0","1","L",36445.136
"3","N1","Jatrabari - Int.with Z1101 (Left) (Right)","LRPS","0","0","LRPS","822","0.822","0.822","660.0","6155.0","1554.0","2744.0","971.0","2120.0","480.0","2608.0","2508.0","436.0","213.0","1088.0","0.0","20236.0","1301.0","21537.0","1","R",40351.116
"4","N1","Int.with Z1101 - Signboard (Left) R111 (Left)","LRPS","822","0.822","LRPS","4175","4.175","3.353","660.0","6155.0","1554.0","2744.0","971.0","2120.0","480.0","2608.0","2508.0","436.0","213.0","1088.0","0.0","20236.0","1301.0","21537.0","2","L",40351.116
"5","N1","Int.with Z1101 - Signboard (Left) R111 (Right)","LRPS","822","0.822","LRPS","4175","4.175","3.353","402.0","5842.0","1147.0","2842.0","526.0","2010.0","238.0","1851.0","2980.0","398.0","232.0","889.0","0.0","18236.0","1121.0","19357.0","2","R",36445.136
"6","N1","Signboard - Shimrail (Left)R110 (Left)","LRPS","4175","4.175","LRPS","7181","7.181","3.006","91.0","2706.0","2184.0","2534.0","1773.0","1643.0","314.0","1690.0","2266.0","1087.0","75.0","1198.0","0.0","16288.0","1273.0","17561.0","3","L",30235.244
"7","N1","Signboard - Shimrail (Left)R110 (Right)","LRPS","4175","4.175","LRPS","7181","7.181","3.006","85.0","2544.0","2053.0","2412.0","1688.0","1564.0","298.0","1609.0","2157.0","1035.0","72.0","1140.0","0.0","15445.0","1212.0","16657.0","3","R",28674.172
"8","N1","Shimrail  - Katchpur  (Left)N2 (Left)","LRPS","7181","7.181","LRP009","260","8.763","1.582","174.0","2905.0","1360.0","2576.0","1356.0","1415.0","320.0","1579.0","3154.0","1162.0","211.0","1077.0","0.0","16001.0","1288.0","17289.0","4","L",29168.156
"9","N1","Shimrail  - Katchpur  (Left)N2 (Right)","LRPS","7181","7.181","LRP009","260","8.763","1.582","153.0","2955.0","1566.0","2438.0","1456.0","1299.0","345.0","1948.0","2693.0","1143.0","517.0","1531.0","0.0","15996.0","2048.0","18044.0","4","R",29513.672
"10","N1","Katchpur - Madanpur (Left)N105 (Left)","LRP009","260","8.763","LRP012","439","11.936","3.173","174.0","4965.0","3478.0","3296.0","2791.0","1751.0","249.0","1579.0","3154.0","1154.0","211.0","1077.0","0.0","22591.0","1288.0","23879.0","5","L",42790.504
"11","N1","Katchpur - Madanpur (Left)N105 (Right)","LRP009","260","8.763","LRP012","439","11.936","3.173","153.0","4419.0","3221.0","2880.0","2408.0","2787.0","345.0","2105.0","3080.0","1143.0","517.0","1531.0","0.0","22541.0","2048.0","24589.0","5","R",42514.864
"12","N1","Madanpur - Langalband (Left)Z1061 (Left)","LRP012","439","11.936","LRP013","3411","15.935","3.999","153.0","4419.0","3221.0","2880.0","2408.0","2787.0","345.0","2105.0","3080.0","1143.0","517.0","1531.0","0.0","22541.0","2048.0","24589.0","6","L",42514.864
"13","N1","Madanpur - Langalband (Left)Z1061 (Right)","LRP012","439","11.936","LRP013","3411","15.935","3.999","174.0","4965.0","3478.0","3296.0","2791.0","1751.0","249.0","1579.0","3154.0","1154.0","211.0","1077.0","0.0","22591.0","1288.0","23879.0","6","R",42790.504
"14","N1","Langalband - Mograpara Chowrasta (Left)Z1089 (Left)","LRP013","3411","15.935","LRP013","7520","20.044","4.109","153.0","4419.0","3221.0","2880.0","2408.0","2787.0","345.0","2105.0","3080.0","1143.0","517.0","1531.0","0.0","22541.0","2048.0","24589.0","7","L",42514.864
"15","N1","Langalband - Mograpara Chowrasta (Left)Z1089 (Right)","LRP013","3411","15.935","LRP013","7520","20.044","4.109","174.0","4965.0","3478.0","3296.0","2791.0","1751.0","249.0","1579.0","3154.0","1154.0","211.0","1077.0","0.0","22591.0","1288.0","23879.0","7","R",42790.504
"16","N1","Mograpara(Int.with Z1089)-Meghna Bridge West End (Left) (Left)","LRP013","7520","20.044","LRP022","1935","23.564","3.520","355.0","5314.0","1116.0","1401.0","726.0","1663.0","403.0","2137.0","1364.0","110.0","37.0","196.0","0.0","14589.0","233.0","14822.0","8","L",28846.484
"17","N1","Mograpara(Int.with Z1089)-Meghna Bridge West End (Left) (Right)","LRP013","7520","20.044","LRP022","1935","23.564","3.520","244.0","4999.0","1005.0","2019.0","684.0","1647.0","396.0","1961.0","1120.0","314.0","31.0","131.0","0.0","14389.0","162.0","14551.0","8","R",29182.344
"18","N1","Meghna Bridge Satrt-Bhaberchar (Left) z1063 (Left)","LRP022","1935","23.564","LRP031","162","30.936","7.372","244.0","4999.0","1005.0","2019.0","684.0","1647.0","396.0","1961.0","1120.0","314.0","31.0","131.0","0.0","14389.0","162.0","14551.0","9","L",29182.344
"19","N1","Meghna Bridge Satrt-Bhaberchar (Left) z1063 (Right)","LRP022","1935","23.564","LRP031","162","30.936","7.372","355.0","5314.0","1116.0","1401.0","726.0","1663.0","403.0","2137.0","1364.0","110.0","37.0","196.0","0.0","14589.0","233.0","14822.0","9","R",28846.484
"20","N1","Bhaberchar(Int.with Z1063)-Daudkandi Bridge (Left) (Left)","LRP031","162","30.936","LRP033","3664","36.271","5.335","355.0","5314.0","1116.0","1401.0","726.0","1663.0","403.0","2137.0","1364.0","110.0","37.0","196.0","0.0","14589.0","233.0","14822.0","10","L",28846.484
"21","N1","Bhaberchar(Int.with Z1063)-Daudkandi Bridge (Left) (Right)","LRP031","162","30.936","LRP033","3664","36.271","5.335","244.0","4999.0","1005.0","2019.0","684.0","1647.0","396.0","1961.0","1120.0","314.0","31.0","131.0","0.0","14389.0","162.0","14551.0","10","R",29182.344
"22","N1","Daudkandi Bridge- Daudkandi Z1062 (Left)","LRP033","3664","36.271","LRP033","5859","38.466","2.195","355.0","5314.0","1116.0","1401.0","726.0","1663.0","403.0","2137.0","1364.0","110.0","37.0","196.0","0.0","14589.0","233.0","14822.0","11","L",28846.484
"23","N1","Daudkandi Bridge- Daudkandi Z1062 (Right)","LRP033","3664","36.271","LRP033","5859","38.466","2.195","244.0","4999.0","1005.0","2019.0","684.0","1647.0","396.0","1961.0","1120.0","314.0","31.0","131.0","0.0","14389.0","162.0","14551.0","11","R",29182.344
"24","N1","Daudkandi Z1062 - Pennai Z1053 (Left)","LRP033","5859","38.466","LRP043","3119","45.388","6.922","348.0","4941.0","928.0","1627.0","632.0","695.0","397.0","1049.0","800.0","132.0","26.0","106.0","0.0","11549.0","132.0","11681.0","12","L",24331.336
"25","N1","Daudkandi Z1062 - Pennai Z1053 (Right)","LRP033","5859","38.466","LRP043","3119","45.388","6.922","359.0","4772.0","851.0","1637.0","566.0","699.0","398.0","1126.0","786.0","198.0","44.0","147.0","0.0","11392.0","191.0","11583.0","12","R",23911.02
"26","N1","Pennai Z1053- Gouripur (Int.with Z1044) (Left)","LRP043","3119","45.388","LRP043","4955","47.224","1.836","348.0","4941.0","928.0","1627.0","632.0","695.0","397.0","1049.0","800.0","132.0","26.0","106.0","0.0","11549.0","132.0","11681.0","13","L",24331.336
"27","N1","Pennai Z1053- Gouripur (Int.with Z1044) (Right)","LRP043","3119","45.388","LRP043","4955","47.224","1.836","359.0","4772.0","851.0","1637.0","566.0","699.0","398.0","1126.0","786.0","198.0","44.0","147.0","0.0","11392.0","191.0","11583.0","13","R",23911.02
"28","N1","Gouripur (Int.with Z1044) - Eliotganj Z1042 (Left)","LRP043","4955","47.224","LRP043","13208","55.477","8.253","359.0","4772.0","851.0","1637.0","566.0","699.0","398.0","1126.0","786.0","198.0","44.0","147.0","0.0","11392.0","191.0","11583.0","14","L",23911.02
"29","N1","Gouripur (Int.with Z1044) - Eliotganj Z1042 (Right)","LRP043","4955","47.224","LRP043","13208","55.477","8.253","348.0","4941.0","928.0","1627.0","632.0","695.0","397.0","1049.0","800.0","132.0","26.0","106.0","0.0","11549.0","132.0","11681.0","14","R",24331.336
"30","N1","Eliotganj Z1042- Madhaya Z1017 (Left)","LRP043","13208","55.477","LRP043","20009","62.278","6.801","348.0","4941.0","928.0","1627.0","632.0","695.0","397.0","1049.0","800.0","132.0","26.0","106.0","0.0","11549.0","132.0","11681.0","15","L",24331.336
"31","N1","Eliotganj Z1042- Madhaya Z1017 (Right)","LRP043","13208","55.477","LRP043","20009","62.278","6.801","359.0","4772.0","851.0","1637.0","566.0","699.0","398.0","1126.0","786.0","198.0","44.0","147.0","0.0","11392.0","191.0","11583.0","15","R",23911.02
"32","N1","Madhaya Z1017 - Chandina Z1022 (Left)","LRP043","20009","62.278","LRP067","3912","69.638","7.360","348.0","4941.0","928.0","1627.0","632.0","695.0","397.0","1049.0","800.0","132.0","26.0","106.0","0.0","11549.0","132.0","11681.0","16","L",24331.336
"33","N1","Madhaya Z1017 - Chandina Z1022 (Right)","LRP043","20009","62.278","LRP067","3912","69.638","7.360","359.0","4772.0","851.0","1637.0","566.0","699.0","398.0","1126.0","786.0","198.0","44.0","147.0","0.0","11392.0","191.0","11583.0","16","R",23911.02
"34","N1","Chandina Z1022 - Nimsar  (Int.with Z1219 & Z1028)  (Left)","LRP067","3912","69.638","LRP076","1760","75.589","5.951","308.0","5253.0","680.0","1824.0","454.0","959.0","393.0","1215.0","1997.0","617.0","128.0","174.0","0.0","13700.0","302.0","14002.0","17","L",26818.948
"35","N1","Chandina Z1022 - Nimsar  (Int.with Z1219 & Z1028)  (Right)","LRP067","3912","69.638","LRP076","1760","75.589","5.951","336.0","5605.0","763.0","1863.0","474.0","1037.0","415.0","1042.0","1906.0","492.0","96.0","184.0","0.0","13933.0","280.0","14213.0","17","R",27900.728
"36","N1","Nimsar (Int.with Z1219 & Z1028) - Mainamati N102 (Left)","LRP076","1760","75.589","LRP076","8017","81.846","6.257","308.0","5253.0","680.0","1824.0","454.0","959.0","393.0","1215.0","1997.0","617.0","128.0","174.0","0.0","13700.0","302.0","14002.0","18","L",26818.948
"37","N1","Nimsar (Int.with Z1219 & Z1028) - Mainamati N102 (Right)","LRP076","1760","75.589","LRP076","8017","81.846","6.257","336.0","5605.0","763.0","1863.0","474.0","1037.0","415.0","1042.0","1906.0","492.0","96.0","184.0","0.0","13933.0","280.0","14213.0","18","R",27900.728
"38","N1","Mainamati  N102- Int.with Z1029 (Left)","LRP076","8017","81.846","LRP076","12068","85.897","4.051","308.0","5253.0","680.0","1824.0","454.0","959.0","393.0","1215.0","1997.0","617.0","128.0","174.0","0.0","13700.0","302.0","14002.0","19","L",26818.948
"39","N1","Mainamati  N102- Int.with Z1029 (Right)","LRP076","8017","81.846","LRP076","12068","85.897","4.051","336.0","5605.0","763.0","1863.0","474.0","1037.0","415.0","1042.0","1906.0","492.0","96.0","184.0","0.0","13933.0","280.0","14213.0","19","R",27900.728
"40","N1","Int.with Z1029 - Int.with Z1052 (Left)","LRP076","12068","85.897","LRP076","13537","87.366","1.469","308.0","5253.0","680.0","1824.0","454.0","959.0","393.0","1215.0","1997.0","617.0","128.0","174.0","0.0","13700.0","302.0","14002.0","20","L",26818.948
"41","N1","Int.with Z1029 - Int.with Z1052 (Right)","LRP076","12068","85.897","LRP076","13537","87.366","1.469","336.0","5605.0","763.0","1863.0","474.0","1037.0","415.0","1042.0","1906.0","492.0","96.0","184.0","0.0","13933.0","280.0","14213.0","20","R",27900.728
"42","N1","Int.with Z1052 - Changani (Kotbari) (Left)","LRP076","13537","87.366","LRP091","897","89.41","2.044","294.0","5781.0","770.0","1356.0","307.0","516.0","257.0","732.0","1429.0","384.0","72.0","144.0","0.0","11826.0","216.0","12042.0","21","L",24012.476
"43","N1","Int.with Z1052 - Changani (Kotbari) (Right)","LRP076","13537","87.366","LRP091","897","89.41","2.044","321.0","5542.0","848.0","1306.0","321.0","522.0","282.0","825.0","1412.0","370.0","64.0","143.0","0.0","11749.0","207.0","11956.0","21","R",23595.92
"44","N1","Changani (Kotbari) - Paduar Bazar Biswa Rd. R140 (Left)","LRP091","897","89.41","LRP093","1090","91.583","2.173","294.0","5781.0","770.0","1356.0","307.0","516.0","257.0","732.0","1429.0","384.0","72.0","144.0","0.0","11826.0","216.0","12042.0","22","L",24012.476
"45","N1","Changani (Kotbari) - Paduar Bazar Biswa Rd. R140 (Right)","LRP091","897","89.41","LRP093","1090","91.583","2.173","321.0","5542.0","848.0","1306.0","321.0","522.0","282.0","825.0","1412.0","370.0","64.0","143.0","0.0","11749.0","207.0","11956.0","22","R",23595.92
"46","N1","Paduar Bazar Biswa Rd. R140 - Miabazar Z1046 (Left)","LRP093","1090","91.583","LRP105","3631","105.879","14.296","294.0","5781.0","770.0","1356.0","307.0","516.0","257.0","732.0","1429.0","384.0","72.0","144.0","0.0","11826.0","216.0","12042.0","23","L",24012.476
"47","N1","Paduar Bazar Biswa Rd. R140 - Miabazar Z1046 (Right)","LRP093","1090","91.583","LRP105","3631","105.879","14.296","321.0","5542.0","848.0","1306.0","321.0","522.0","282.0","825.0","1412.0","370.0","64.0","143.0","0.0","11749.0","207.0","11956.0","23","R",23595.92
"48","N1","Miabazar Z1046 - Chauddagram(Int.with Z1045) (Left)","LRP105","3631","105.879","LRP105","17450","119.698","13.819","294.0","5781.0","770.0","1356.0","307.0","516.0","257.0","732.0","1429.0","384.0","72.0","144.0","0.0","11826.0","216.0","12042.0","24","L",24012.476
"49","N1","Miabazar Z1046 - Chauddagram(Int.with Z1045) (Right)","LRP105","3631","105.879","LRP105","17450","119.698","13.819","321.0","5542.0","848.0","1306.0","321.0","522.0","282.0","825.0","1412.0","370.0","64.0","143.0","0.0","11749.0","207.0","11956.0","24","R",23595.92
"50","N1","Chauddagram(Int.with Z1045)-Md. Ali bazar (Int.with Z1031) (Left)","LRP105","17450","119.698","LRP142","230","138.869","19.171","459.0","3515.0","726.0","761.0","304.0","688.0","251.0","508.0","929.0","324.0","33.0","121.0","0.0","8465.0","154.0","8619.0","25","L",17054.872
"51","N1","Chauddagram(Int.with Z1045)-Md. Ali bazar (Int.with Z1031) (Right)","LRP105","17450","119.698","LRP142","230","138.869","19.171","398.0","3838.0","863.0","780.0","314.0","674.0","306.0","589.0","760.0","353.0","36.0","115.0","0.0","8875.0","151.0","9026.0","25","R",17860.488
"52","N1","Md. Ali bazar (Int.with Z1031)-Int.with Z1031 (Left)","LRP142","230","138.869","LRP143","500","140.251","1.382","459.0","3515.0","726.0","761.0","304.0","688.0","251.0","508.0","929.0","324.0","33.0","121.0","0.0","8465.0","154.0","8619.0","26","L",17054.872
"53","N1","Md. Ali bazar (Int.with Z1031)-Int.with Z1031 (Right)","LRP142","230","138.869","LRP143","500","140.251","1.382","398.0","3838.0","863.0","780.0","314.0","674.0","306.0","589.0","760.0","353.0","36.0","115.0","0.0","8875.0","151.0","9026.0","26","R",17860.488
"54","N1","Int.with Z1031 - Elahiganj (Feni) Z1030 (Left)","LRP143","500","140.251","LRP146","240","143.034","2.783","626.0","4617.0","1156.0","1923.0","588.0","791.0","216.0","716.0","1212.0","331.0","92.0","228.0","0.0","12176.0","320.0","12496.0","27","L",25726.896
"55","N1","Int.with Z1031 - Elahiganj (Feni) Z1030 (Right)","LRP143","500","140.251","LRP146","240","143.034","2.783","728.0","4991.0","1253.0","2234.0","667.0","1164.0","249.0","813.0","1676.0","426.0","148.0","235.0","0.0","14201.0","383.0","14584.0","27","R",29659.484
"56","N1","Elahiganj (Feni)  Z1030- Feni (Int.with N104) (Left)","LRP146","240","143.034","LRP147","1614","145.409","2.375","728.0","4991.0","1253.0","2234.0","667.0","1164.0","249.0","813.0","1676.0","426.0","148.0","235.0","0.0","14201.0","383.0","14584.0","28","L",29659.484
"57","N1","Elahiganj (Feni)  Z1030- Feni (Int.with N104) (Right)","LRP146","240","143.034","LRP147","1614","145.409","2.375","626.0","4617.0","1156.0","1923.0","588.0","791.0","216.0","716.0","1212.0","331.0","92.0","228.0","0.0","12176.0","320.0","12496.0","28","R",25726.896
"58","N1","Feni (Int.with N104) - Feni Shahid Minar (Int.with Z1034) (Left)","LRP147","1614","145.409","LRP152","448","149.289","3.880","355.0","5555.0","1533.0","1572.0","630.0","1141.0","285.0","980.0","1252.0","415.0","89.0","199.0","0.0","13718.0","288.0","14006.0","29","L",27711.504
"59","N1","Feni (Int.with N104) - Feni Shahid Minar (Int.with Z1034) (Right)","LRP147","1614","145.409","LRP152","448","149.289","3.880","350.0","5976.0","1656.0","1618.0","669.0","1185.0","355.0","1071.0","1266.0","409.0","96.0","196.0","0.0","14555.0","292.0","14847.0","29","R",29338.888
"60","N1","Feni Shahid Minar( Int.with Z1034)-Fazilpur (Z1081) (Left)","LRP152","448","149.289","LRP160","738","157.685","8.396","393.0","4967.0","1201.0","1656.0","293.0","775.0","282.0","973.0","840.0","207.0","224.0","188.0","0.0","11587.0","412.0","11999.0","30","L",24307.348
"61","N1","Feni Shahid Minar( Int.with Z1034)-Fazilpur (Z1081) (Right)","LRP152","448","149.289","LRP160","738","157.685","8.396","437.0","5132.0","981.0","1477.0","239.0","613.0","235.0","833.0","847.0","187.0","200.0","141.0","0.0","10981.0","341.0","11322.0","30","R",23280.856
"62","N1","Fazilpur Z1081 - Muhuriganj Z1032 (Left)","LRP160","738","157.685","LRP164","619","161.582","3.897","355.0","5555.0","1533.0","1572.0","630.0","1141.0","285.0","980.0","1252.0","415.0","89.0","199.0","0.0","13718.0","288.0","14006.0","31","L",27711.504
"63","N1","Fazilpur Z1081 - Muhuriganj Z1032 (Right)","LRP160","738","157.685","LRP164","619","161.582","3.897","350.0","5976.0","1656.0","1618.0","669.0","1185.0","355.0","1071.0","1266.0","409.0","96.0","196.0","0.0","14555.0","292.0","14847.0","31","R",29338.888
"64","N1","Muhuriganj Z1032-Baraiyerhat R151 (Left)","LRP164","619","161.582","LRP164","6720","167.683","6.101","366.0","3877.0","1050.0","1313.0","539.0","752.0","319.0","770.0","2247.0","371.0","109.0","251.0","0.0","11604.0","360.0","11964.0","32","L",21709.68
"65","N1","Muhuriganj Z1032-Baraiyerhat R151 (Right)","LRP164","619","161.582","LRP164","6720","167.683","6.101","376.0","4095.0","978.0","1358.0","526.0","765.0","277.0","770.0","2304.0","292.0","75.0","282.0","0.0","11741.0","357.0","12098.0","32","R",22272.908
"66","N1","Baraiyerhat R151- Mirersarai Z1021 (Left)","LRP164","6720","167.683","LRP164","20501","181.464","13.781","366.0","3877.0","1050.0","1313.0","539.0","752.0","319.0","770.0","2247.0","371.0","109.0","251.0","0.0","11604.0","360.0","11964.0","33","L",21709.68
"67","N1","Baraiyerhat R151- Mirersarai Z1021 (Right)","LRP164","6720","167.683","LRP164","20501","181.464","13.781","376.0","4095.0","978.0","1358.0","526.0","765.0","277.0","770.0","2304.0","292.0","75.0","282.0","0.0","11741.0","357.0","12098.0","33","R",22272.908
"68","N1","Mirersarai Z1021 - Baroirdala Z1086 (Left)","LRP164","20501","181.464","LRP197","1120","194.603","13.139","366.0","3877.0","1050.0","1313.0","539.0","752.0","319.0","770.0","2247.0","371.0","109.0","251.0","0.0","11604.0","360.0","11964.0","34","L",21709.68
"69","N1","Mirersarai Z1021 - Baroirdala Z1086 (Right)","LRP164","20501","181.464","LRP197","1120","194.603","13.139","376.0","4095.0","978.0","1358.0","526.0","765.0","277.0","770.0","2304.0","292.0","75.0","282.0","0.0","11741.0","357.0","12098.0","34","R",22272.908
"70","N1","Baroirdala Z1086- Barabkunda Z1087 (Left)","LRP197","1120","194.603","LRP209","486","206.402","11.799","986.0","5219.0","1000.0","1499.0","561.0","881.0","230.0","831.0","2864.0","451.0","93.0","288.0","0.0","14522.0","381.0","14903.0","35","L",28231.404
"71","N1","Baroirdala Z1086- Barabkunda Z1087 (Right)","LRP197","1120","194.603","LRP209","486","206.402","11.799","1217.0","5230.0","1456.0","1648.0","654.0","843.0","247.0","775.0","2735.0","415.0","109.0","350.0","0.0","15220.0","459.0","15679.0","35","R",29978.312
"72","N1","Barabkunda Z1087-Fouzderhat Z1016 (Left)","LRP209","486","206.402","LRP225","6400","228.406","22.004","986.0","5219.0","1000.0","1499.0","561.0","881.0","230.0","831.0","2864.0","451.0","93.0","288.0","0.0","14522.0","381.0","14903.0","36","L",28231.404
"73","N1","Barabkunda Z1087-Fouzderhat Z1016 (Right)","LRP209","486","206.402","LRP225","6400","228.406","22.004","1217.0","5230.0","1456.0","1648.0","654.0","843.0","247.0","775.0","2735.0","415.0","109.0","350.0","0.0","15220.0","459.0","15679.0","36","R",29978.312
"74","N1","Fouzderhat Z1016 - Alonker Cinema Hall (Chittagong)","LRP225","6400","228.406","LRP225","10748","232.754","4.348","21.0","1105.0","808.0","898.0","621.0","987.0","194.0","694.0","2994.0","581.0","221.0","426.0","0.0","8903.0","647.0","9550.0","37","NA",13797.804
"75","N1","Chittagong (Badderhat)-Maizzertek int with Z1804","LRP225","10748","232.754","LRP251","496","247.893","15.139","21.0","1105.0","808.0","898.0","621.0","987.0","194.0","694.0","2994.0","581.0","221.0","426.0","0.0","8903.0","647.0","9550.0","38","NA",13797.804
"76","N1","Maizzertek Int with Z1804-Sikolbaha Int with Z1018","LRP251","496","247.893","LRP251","3048","250.445","2.552","21.0","1105.0","808.0","898.0","621.0","987.0","194.0","694.0","2994.0","581.0","221.0","426.0","0.0","8903.0","647.0","9550.0","39","NA",13797.804
"77","N1","Sikolbaha Int with Z1018-Santirhat Int. with Z1071","LRP251","3048","250.445","LRP251","5559","252.956","2.511","21.0","1105.0","808.0","898.0","621.0","987.0","194.0","694.0","2994.0","581.0","221.0","426.0","0.0","8903.0","647.0","9550.0","40","NA",13797.804
"78","N1","Santirhat Int. with Z1071 - Int. with Z1070","LRP251","5559","252.956","LRP259","726","255.725","2.769","21.0","1105.0","808.0","898.0","621.0","987.0","194.0","694.0","2994.0","581.0","221.0","426.0","0.0","8903.0","647.0","9550.0","41","NA",13797.804
"79","N1","Int. with Z1070 - Mansertek(Int.with N107)","LRP259","726","255.725","LRP259","1810","256.809","1.084","30.0","1077.0","795.0","994.0","658.0","1483.0","305.0","658.0","3125.0","536.0","207.0","240.0","7.0","9661.0","454.0","10115.0","42","NA",15388.628
"80","N1","Mansertek(Int.with N107)- Patiya (Int.with Z1059)","LRP259","1810","256.809","LRP264","3734","263.744","6.935","30.0","1077.0","795.0","994.0","658.0","1483.0","305.0","658.0","3125.0","536.0","207.0","240.0","7.0","9661.0","454.0","10115.0","43","NA",15388.628
"81","N1","Patiya (Int.with Z1059) - Patiya Dakbanglo (Int.with Z1057)","LRP264","3734","263.744","LRP264","4060","264.07","0.326","24.0","1181.0","882.0","802.0","639.0","1307.0","196.0","840.0","4070.0","910.0","819.0","3156.0","0.0","10851.0","3975.0","14826.0","44","NA",17627.096
"82","N1","Patiya Dakbanglo (Int.with Z1057) - Patiya (Int.with Z1039)","LRP264","4060","264.07","LRP264","5400","265.41","1.340","24.0","1181.0","882.0","802.0","639.0","1307.0","196.0","840.0","4070.0","910.0","819.0","3156.0","0.0","10851.0","3975.0","14826.0","45","NA",17627.096
"83","N1","Patiya (Int.with Z1039)-Khanhat Int.with Z1026","LRP264","5400","265.41","LRP277","1763","274.982","9.572","24.0","1181.0","882.0","802.0","639.0","1307.0","196.0","840.0","4070.0","910.0","819.0","3156.0","0.0","10851.0","3975.0","14826.0","46","NA",17627.096
"84","N1","Khanhat Int.with Z1026 - Hashimpur Z1036","LRP277","1763","274.982","LRP281","700","278.013","3.031","23.0","786.0","1237.0","944.0","92.0","1267.0","109.0","811.0","6505.0","905.0","220.0","843.0","0.0","12679.0","1063.0","13742.0","47","NA",15616.624
"85","N1","Hashimpur Z1036- Keranirhat N108","LRP281","700","278.013","LRP291","2558","289.612","11.599","23.0","786.0","1237.0","944.0","92.0","1267.0","109.0","811.0","6505.0","905.0","220.0","843.0","0.0","12679.0","1063.0","13742.0","48","NA",15616.624
"86","N1","Keranirhat N108 - Int.with Z1019","LRP291","2558","289.612","LRP291","2920","289.974","0.362","23.0","786.0","1237.0","944.0","92.0","1267.0","109.0","811.0","6505.0","905.0","220.0","843.0","0.0","12679.0","1063.0","13742.0","49","NA",15616.624
"87","N1","Int.with Z1019 - Lohagara, Bara Aulia (Int.with Z1013)","LRP291","2920","289.974","LRP299","2769","297.441","7.467","23.0","786.0","1237.0","944.0","92.0","1267.0","109.0","811.0","6505.0","905.0","220.0","843.0","0.0","12679.0","1063.0","13742.0","50","NA",15616.624
"88","N1","Lohagara, Bara Aulia (Int.with Z1013) - Chunati R171","LRP299","2769","297.441","LRP312","171","307.582","10.141","42.0","2364.0","1215.0","1015.0","787.0","2025.0","345.0","1013.0","1668.0","779.0","642.0","728.0","0.0","11253.0","1370.0","12623.0","51","NA",20857.692
"89","N1","Chunati R171 - Aziznagar Z1007","LRP312","171","307.582","LRP320","308","315.728","8.146","42.0","2364.0","1215.0","1015.0","787.0","2025.0","345.0","1013.0","1668.0","779.0","642.0","728.0","0.0","11253.0","1370.0","12623.0","52","NA",20857.692
"90","N1","Aziznagar (Int.with Z1007)-Harbang (Int.with Z1124)","LRP320","308","315.728","LRP321","63","316.356","0.628","42.0","2364.0","1215.0","1015.0","787.0","2025.0","345.0","1013.0","1668.0","779.0","642.0","728.0","0.0","11253.0","1370.0","12623.0","53","NA",20857.692
"91","N1","Harbang (Int.with Z1124) - Ekatabazar Z1125","LRP321","63","316.356","LRP328","485","323.842","7.486","42.0","2364.0","1215.0","1015.0","787.0","2025.0","345.0","1013.0","1668.0","779.0","642.0","728.0","0.0","11253.0","1370.0","12623.0","54","NA",20857.692
"92","N1","Ekatabazar Z1125 - Baraitali Int.with Z1002","LRP328","485","323.842","LRP331","844","327.188","3.346","44.0","774.0","249.0","749.0","144.0","1058.0","202.0","661.0","1133.0","552.0","233.0","267.0","0.0","5566.0","500.0","6066.0","55","NA",9781.468
"93","N1","Baraitali Int.with Z1002-Int.with Z1126","LRP331","844","327.188","LRP335","500","330.874","3.686","44.0","774.0","249.0","749.0","144.0","1058.0","202.0","661.0","1133.0","552.0","233.0","267.0","0.0","5566.0","500.0","6066.0","56","NA",9781.468
"94","N1","Int.with Z1126-Janatabazar (Int.with Z1127)","LRP335","500","330.874","LRP336","764","332.066","1.192","44.0","774.0","249.0","749.0","144.0","1058.0","202.0","661.0","1133.0","552.0","233.0","267.0","0.0","5566.0","500.0","6066.0","57","NA",9781.468
"95","N1","Janatabazar (Int.with Z1127) - Chokoria R172","LRP336","764","332.066","LRP336","1575","332.877","0.811","44.0","774.0","249.0","749.0","144.0","1058.0","202.0","661.0","1133.0","552.0","233.0","267.0","0.0","5566.0","500.0","6066.0","58","NA",9781.468
"96","N1","Chokoria R172 - Faishakhali Z1005","LRP336","1575","332.877","LRP341","852","337.31","4.433","39.0","1009.0","549.0","784.0","238.0","1018.0","165.0","318.0","2511.0","1443.0","428.0","4183.0","0.0","8074.0","4611.0","12685.0","59","NA",14367.676
"97","N1","Faishakhali Z1005- Dulahazra Z1130","LRP341","852","337.31","LRP348","96","343.559","6.249","35.0","595.0","159.0","412.0","136.0","760.0","118.0","109.0","1548.0","403.0","118.0","450.0","0.0","4275.0","568.0","4843.0","60","NA",6977.916
"98","N1","Dulahazra Z1130-Khutakhali Z1131","LRP348","96","343.559","LRP354","509","350.054","6.495","35.0","595.0","159.0","412.0","136.0","760.0","118.0","109.0","1548.0","403.0","118.0","450.0","0.0","4275.0","568.0","4843.0","61","NA",6977.916
"99","N1","Khutakhali Z1131 - Ramu (Int.with Z1001)","LRP354","509","350.054","LRP376","57","370.982","20.928","35.0","595.0","159.0","412.0","136.0","760.0","118.0","109.0","1548.0","403.0","118.0","450.0","0.0","4275.0","568.0","4843.0","62","NA",6977.916
"100","N1","Ramu (Int.with Z1001)-Ramu Intersection N109","LRP376","57","370.982","LRP378","593","373.475","2.493","35.0","595.0","159.0","412.0","136.0","760.0","118.0","109.0","1548.0","403.0","118.0","450.0","0.0","4275.0","568.0","4843.0","63","NA",6977.916
"101","N1","Ramu Intersection N109 - Coxsbazar Link Road N110","LRP378","593","373.475","LRP386","724","381.481","8.006","35.0","595.0","159.0","412.0","136.0","760.0","118.0","109.0","1548.0","403.0","118.0","450.0","0.0","4275.0","568.0","4843.0","64","NA",6977.916
"102","N1","Coxsbazar Link Road N110-Maricha Z1009","LRP386","724","381.481","LRP403","217","398.205","16.724","24.0","455.0","137.0","129.0","200.0","568.0","131.0","142.0","2476.0","419.0","97.0","1042.0","0.0","4681.0","1139.0","5820.0","65","NA",6342.588
"103","N1","Maricha Z1009-Ukhia Dakbanglo Z1503","LRP403","217","398.205","LRP413","300","408.434","10.229","24.0","455.0","137.0","129.0","200.0","568.0","131.0","142.0","2476.0","419.0","97.0","1042.0","0.0","4681.0","1139.0","5820.0","66","NA",6342.588
"104","N1","Ukhia Dakbanglo Z1503 - Gundum Z1504","LRP413","300","408.434","LRP420","900","416.044","7.610","24.0","455.0","137.0","129.0","200.0","568.0","131.0","142.0","2476.0","419.0","97.0","1042.0","0.0","4681.0","1139.0","5820.0","67","NA",6342.588
"105","N1","GundumGundum Z1504 - Whykong Z1133","LRP420","900","416.044","LRP433","521","428.908","12.864","24.0","455.0","137.0","129.0","200.0","568.0","131.0","142.0","2476.0","419.0","97.0","1042.0","0.0","4681.0","1139.0","5820.0","68","NA",6342.588
"106","N1","Whykong Z1133 - Teknaf","LRP433","521","428.908","LRP467","130","462.254","33.346","24.0","455.0","137.0","129.0","200.0","568.0","131.0","142.0","2476.0","419.0","97.0","1042.0","0.0","4681.0","1139.0","5820.0","69","NA",6342.588
"107","N123","Bariyerhat-Joraganj (Int.with Z1084)","LRPS","0","0","LRP004","1320","4.65","4.650","NS","NS","NS","NS","NS","NS","NS","NS","NS","NS","NS","NS","NS","NS","NS","NS","1","NA",NA
"108","N123","Joraganj (Int.with Z1084)-Int.with N1","LRP004","1320","4.65","LRPE","0","8.06","3.410","NS","NS","NS","NS","NS","NS","NS","NS","NS","NS","NS","NS","NS","NS","NS","NS","2","NA",NA
"109","N2","Katchpur-Tarabo (Int with R201)","LRPS","0","0","LRP002","1147","2.313","2.313","239.0","4475.0","1996.0","3707.0","794.0","3417.0","446.0","3024.0","4643.0","567.0","409.0","942.0","0.0","23308.0","1351.0","24659.0","1","NA",43056.108
"110","N2","Tarabo(Int with R 201)-Barpa(Int. with Z1090 LGED Road)","LRP002","1147","2.313","LRP006","900","6.076","3.763","227.0","4684.0","1904.0","1466.0","1026.0","1513.0","637.0","1458.0","3517.0","813.0","190.0","522.0","0.0","17245.0","712.0","17957.0","2","NA",29883.992
"111","N2","Barpa(Int. with Z1090 LGED Road)-Bhulta (Int.with R202)","LRP006","900","6.076","LRP011","915","11.111","5.035","237.0","4415.0","1904.0","1451.0","1018.0","1422.0","659.0","1473.0","4094.0","1075.0","393.0","3205.0","0.0","17748.0","3598.0","21346.0","3","NA",31285.04
"112","N2","Bhulta (Int.with R202)-Bhulta (Int.with R203)","LRP011","915","11.111","LRP011","1781","11.977","0.866","237.0","4415.0","1904.0","1451.0","1018.0","1422.0","659.0","1473.0","4094.0","1075.0","393.0","3205.0","0.0","17748.0","3598.0","21346.0","4","NA",31285.04
"113","N2","Bhulta (Int.with R203)-Panchdona (Int.with R301)","LRP011","1781","11.977","LRP030","999","30.225","18.248","244.0","1432.0","1041.0","961.0","1220.0","1068.0","152.0","1098.0","3128.0","899.0","218.0","1142.0","0.0","11243.0","1360.0","12603.0","5","NA",18494.876
"114","N2","Panchdona-Shahepratap(Int.with R210)","LRP030","999","30.225","LRP033","1280","33.536","3.311","70.0","1743.0","976.0","2192.0","437.0","1319.0","84.0","1392.0","2708.0","1305.0","304.0","651.0","0.0","12226.0","955.0","13181.0","6","NA",21134.896
"115","N2","Shahepratap(Int.with R210)-Itakhola(Int.with R211)","LRP033","1280","33.536","LRP042","1831","43.097","9.561","70.0","1743.0","976.0","2192.0","437.0","1319.0","84.0","1392.0","2708.0","1305.0","304.0","651.0","0.0","12226.0","955.0","13181.0","7","NA",21134.896
"116","N2","Itakhola-Morgal (Int.with Z2042)","LRP042","1831","43.097","LRP055","280","54.606","11.509","201.0","2039.0","974.0","1779.0","222.0","1030.0","242.0","859.0","2158.0","387.0","52.0","64.0","0.0","9891.0","116.0","10007.0","8","NA",17924.104
"117","N2","Morgal (Int.with Z2042)-Narayanpur (Int.with Z2032)","LRP055","280","54.606","LRP064","621","63.969","9.363","436.0","1971.0","896.0","1936.0","87.0","1104.0","266.0","808.0","3037.0","610.0","153.0","489.0","0.0","11151.0","642.0","11793.0","9","NA",19753.18
"118","N2","Narayanpur (Int.with Z2032)-Bhairab (Int.with R360)","LRP064","621","63.969","LRP069","2478","70.576","6.607","436.0","1971.0","896.0","1936.0","87.0","1104.0","266.0","808.0","3037.0","610.0","153.0","489.0","0.0","11151.0","642.0","11793.0","10","NA",19753.18
"119","N2","Bhairab (Int.with R360)-Ashuganj (Int.with Z2031)","LRP069","2478","70.576","LRP069","5435","73.533","2.957","436.0","1971.0","896.0","1936.0","87.0","1104.0","266.0","808.0","3037.0","610.0","153.0","489.0","0.0","11151.0","642.0","11793.0","11","NA",19753.18
"120","N2","Ashuganj (Int.with Z2031)-Kathirhat, Sarail (Int.with N102)","LRP069","5435","73.533","LRP086","710","85.823","12.290","329.0","1465.0","1081.0","1000.0","217.0","598.0","118.0","534.0","3351.0","690.0","389.0","843.0","0.0","9383.0","1232.0","10615.0","12","NA",14674.08
"121","N2","Kathirhat, Sarail (Int.with N102)-Sarail (Int.with R220)","LRP086","710","85.823","LRP086","1300","86.413","0.590","205.0","2203.0","596.0","1632.0","294.0","1402.0","162.0","398.0","3816.0","331.0","164.0","443.0","0.0","11039.0","607.0","11646.0","13","NA",19322.804
"122","N2","Sarail (Int.with R220)-Jagadishpur(Int.with N204)","LRP086","1300","86.413","LRP117","378","116.294","29.881","205.0","2203.0","596.0","1632.0","294.0","1402.0","162.0","398.0","3816.0","331.0","164.0","443.0","0.0","11039.0","607.0","11646.0","14","NA",19322.804
"123","N2","Jagadishpur(Int.with N204)-Shaistaganj (Int.with N204)","LRP117","378","116.294","LRP142","278","141.309","25.015","270.0","1818.0","958.0","1045.0","179.0","1178.0","196.0","764.0","1170.0","493.0","53.0","79.0","0.0","8071.0","132.0","8203.0","15","NA",14884.472
"124","N2","Shaistaganj (Int.with N204)-Mirpur (Int.with N207)","LRP142","278","141.309","LRP146","920","145.961","4.652","206.0","4176.0","708.0","1765.0","178.0","1494.0","298.0","1159.0","1975.0","721.0","170.0","415.0","0.0","12680.0","585.0","13265.0","16","NA",24487.252
"125","N2","Mirpur (Int.with N207)-Auskandi (Int.with R240)","LRP146","920","145.961","LRP182","527","181.657","35.696","338.0","1131.0","391.0","888.0","54.0","964.0","296.0","1058.0","1784.0","325.0","68.0","162.0","33.0","7229.0","263.0","7492.0","17","NA",12310.288
"126","N2","Auskandi (Int.with R240)-Auskandi (Int.with R241)","LRP182","527","181.657","LRP186","600","185.77","4.113","338.0","1131.0","391.0","888.0","54.0","964.0","296.0","1058.0","1784.0","325.0","68.0","162.0","33.0","7229.0","263.0","7492.0","18","NA",12310.288
"127","N2","Auskandi (Int.with R241)-Sherpur (Int.with N207)","LRP186","600","185.77","LRP191","672","190.892","5.122","321.0","669.0","504.0","961.0","36.0","911.0","183.0","621.0","1932.0","386.0","197.0","353.0","6.0","6524.0","556.0","7080.0","19","NA",11079.1
"128","N2","Sherpur (Int.with N207)-Tajpur(Int.with Z2022)","LRP191","672","190.892","LRP205","750","205.083","14.191","321.0","669.0","504.0","961.0","36.0","911.0","183.0","621.0","1932.0","386.0","197.0","353.0","6.0","6524.0","556.0","7080.0","20","NA",11079.1
"129","N2","Tajpur(Int.with Z2022)-Rashidpur(Int.with Z2016)","LRP205","750","205.083","LRP216","414","215.832","10.749","198.0","1089.0","529.0","1163.0","412.0","1183.0","455.0","991.0","3948.0","846.0","329.0","546.0","0.0","10814.0","875.0","11689.0","21","NA",16296.696
"130","N2","Rashidpur(Int.with Z2016)-Int.with R283","LRP216","414","215.832","LRP224","571","224.044","8.212","198.0","1089.0","529.0","1163.0","412.0","1183.0","455.0","991.0","3948.0","846.0","329.0","546.0","0.0","10814.0","875.0","11689.0","22","NA",16296.696
"131","N2","Int.with R283-Chandipole (Int.with Z2013)","LRP224","571","224.044","LRP225","900","225.373","1.329","83.0","613.0","573.0","441.0","405.0","1002.0","49.0","356.0","3665.0","447.0","367.0","579.0","0.0","7634.0","946.0","8580.0","23","NA",10677.044
"132","N2","Chandipole (Int.with Z2013)-Mominkhola (Int.with N208)","LRP225","900","225.373","LRP226","2264","227.757","2.384","83.0","613.0","573.0","441.0","405.0","1002.0","49.0","356.0","3665.0","447.0","367.0","579.0","0.0","7634.0","946.0","8580.0","24","NA",10677.044
"133","N2","Mominkhola (Int.with N208)-Nayarpool(Int.with N206)","LRP226","2264","227.757","LRP229","2095","229.888","2.131","83.0","613.0","573.0","441.0","405.0","1002.0","49.0","356.0","3665.0","447.0","367.0","579.0","0.0","7634.0","946.0","8580.0","25","NA",10677.044
"134","N2","Nayarpool(Int.with N206)-Int. with N210","LRP229","2095","229.888","LRP238","1040","237.923","8.035","466.0","1425.0","360.0","8.0","190.0","1010.0","119.0","337.0","653.0","525.0","139.0","328.0","0.0","5093.0","467.0","5560.0","26","NA",9729.312
"135","N2","Int. with N210-Darbast(Int. with Z2011)","LRP238","1040","237.923","LRP263","129","262.122","24.199","466.0","1425.0","360.0","8.0","190.0","1010.0","119.0","337.0","653.0","525.0","139.0","328.0","0.0","5093.0","467.0","5560.0","27","NA",9729.312
"136","N2","Darbast(Int. with Z2011)-Tamabil(Int.with N212)","LRP263","129","262.122","LRP282","1155","282.098","19.976","453.0","1322.0","435.0","7.0","269.0","910.0","131.0","335.0","874.0","372.0","203.0","356.0","0.0","5108.0","559.0","5667.0","28","NA",9569.204
"137","N2","Tamabil(Int.with N212)-Jaflong","LRP282","1155","282.098","LRP287","578","286.516","4.418","462.0","1142.0","427.0","17.0","264.0","817.0","131.0","318.0","753.0","412.0","186.0","311.0","0.0","4743.0","497.0","5240.0","29","NA",8846.12
"138","N302","Abdullahpur-Rana Bhola (Int.with R303)","LRPS","0","0","LRPS","2375","2.375","2.375","474.0","5981.0","3318.0","1897.0","2101.0","2439.0","916.0","5383.0","2463.0","1705.0","81.0","659.0","0.0","26677.0","740.0","27417.0","1","NA",45650.188
"139","N302","Rana Bhola (Int.with R303)-Dhaur (Int.with N501)","LRPS","2375","2.375","LRP005","601","5.514","3.139","236.0","4521.0","3381.0","1977.0","2086.0","3386.0","839.0","4874.0","1976.0","1197.0","145.0","406.0","1.0","24473.0","552.0","25025.0","2","NA",42741.916
"140","N302","Dhaur (Int.with N501)-Ashulia(Int.with N511)","LRP005","601","5.514","LRP008","757","8.73","3.216","284.0","4946.0","3587.0","1975.0","1766.0","2501.0","1098.0","5443.0","2456.0","1992.0","73.0","832.0","0.0","26048.0","905.0","26953.0","3","NA",42922.08
"141","N302","Ashulia(Int.with N511)-Zerabo (Int.with Z3007)","LRP008","757","8.73","LRP008","3397","11.37","2.640","284.0","4946.0","3587.0","1975.0","1766.0","2501.0","1098.0","5443.0","2456.0","1992.0","73.0","832.0","0.0","26048.0","905.0","26953.0","4","NA",42922.08
"142","N302","Zerabo(Int.with Z3007)-EPZ (Baipile Bazar)","LRP008","3397","11.37","LRPE","0","17.555","6.185","289.0","4476.0","2925.0","1951.0","1897.0","2624.0","834.0","4892.0","2224.0","1812.0","428.0","4000.0","0.0","23924.0","4428.0","28352.0","5","NA",42793.292
"143","R151","Baraiyerhat (road start, int with N1) - Karerhat (int with Z1031)","LRPS","0","0","LRP004","1080","4.69","4.690","0.0","714.0","355.0","165.0","113.0","138.0","25.0","95.0","1300.0","224.0","62.0","0.0","0.0","3129.0","62.0","3191.0","1","NA",4281.984
"144","R151","Karerhat (int with Z1031) - Heako (int with R152)","LRP004","1080","4.69","LRP017","3323","20.063","15.373","0.0","714.0","355.0","165.0","113.0","138.0","25.0","95.0","1300.0","224.0","62.0","0.0","0.0","3129.0","62.0","3191.0","2","NA",4281.984
"145","R151","Heako (int with R152) - Narayanhat (int with Z1021)","LRP017","3559","20.299","LRP031","834","31.339","11.040","0.0","163.0","84.0","0.0","37.0","122.0","0.0","31.0","319.0","109.0","37.0","53.0","0.0","865.0","90.0","955.0","3","NA",1213.46
"146","R151","Narayanhat (int with Z1021) - Haidchakia (int with R160 & Z1086)","LRP032","152","31.657","LRP048","80","47.702","16.045","0.0","406.0","208.0","0.0","69.0","224.0","0.0","61.0","623.0","202.0","73.0","110.0","0.0","1793.0","183.0","1976.0","4","NA",2576.676
"147","R821","Sreenagar (int.with N8)-Sreenagar Bazar(int.with R820)","LRPS","0","0","LRPS","1285","1.285","1.285","0.0","117.0","84.0","149.0","192.0","90.0","34.0","55.0","2446.0","851.0","274.0","1132.0","0.0","4018.0","1406.0","5424.0","1","NA",4483.404
"148","Z1447","Int.with Z1422-int.with Z1422 & R142","LRPS","0","0","LRP001","785","0.84","0.840","0.0","11.0","65.0","0.0","0.0","12.0","6.0","5.0","522.0","268.0","382.0","166.0","3.0","889.0","551.0","1440.0","1","NA",947.368
"149","Z3003","Abdullahpur(int.with N3) -Teirmukh(int.with N105)","LRPS","0","0","LRPS","10123","10.123","10.123","0.0","0.0","16.0","0.0","0.0","14.0","0.0","18.0","494.0","161.0","105.0","54.0","0.0","703.0","159.0","862.0","1","NA",563.8
"150","Z3007","Zerabo-Tajpur Diakhali Madrasha","LRPS","0","0","LRP006","772","5.742","5.742","0.0","434.0","188.0","0.0","0.0","622.0","0.0","720.0","2081.0","758.0","186.0","1706.0","0.0","4803.0","1892.0","6695.0","1","NA",6365.656
